Grid_Num,Join_Count,GRID_ID,Center_Long,Center_Lat
1,14,A-28,-85.46806323,34.98311234
2,2,B-28,-85.46071149,34.98735687
3,111,I-28,-85.40924928,34.98311234
4,38,J-28,-85.40189753,34.98735687
5,11,K-28,-85.39454579,34.98311234
6,14,L-28,-85.38719404,34.98735687
7,0,O-28,-85.36513881,34.98311234
8,3,P-28,-85.35778706,34.98735687
9,5,Q-28,-85.35043532,34.98311234
10,30,R-28,-85.34308357,34.98735687
11,6,S-28,-85.33573183,34.98311234
12,37,T-28,-85.32838008,34.98735687
13,5,U-28,-85.32102834,34.98311234
14,17,V-28,-85.31367659,34.98735687
15,1,W-28,-85.30632485,34.98311234
16,9,X-28,-85.29897311,34.98735687
17,18,Y-28,-85.29162136,34.98311234
18,188,Z-28,-85.28426962,34.98735687
19,5,AA-28,-85.27691787,34.98311234
20,45,AB-28,-85.26956613,34.98735687
21,1,AO-28,-85.17399344,34.98311234
22,3,AP-28,-85.1666417,34.98735687
23,0,AQ-28,-85.15928996,34.98311234
24,10,AR-28,-85.15193821,34.98735687
25,6,AS-28,-85.14458647,34.98311234
26,2,AT-28,-85.13723472,34.98735687
27,1,A-27,-85.46806323,34.99160141
28,125,J-27,-85.40189753,34.99584594
29,7,K-27,-85.39454579,34.99160141
30,28,L-27,-85.38719404,34.99584594
31,0,M-27,-85.3798423,34.99160141
32,7,P-27,-85.35778706,34.99584594
33,34,Q-27,-85.35043532,34.99160141
34,19,R-27,-85.34308357,34.99584594
35,25,S-27,-85.33573183,34.99160141
36,38,T-27,-85.32838008,34.99584594
37,19,U-27,-85.32102834,34.99160141
38,29,V-27,-85.31367659,34.99584594
39,103,W-27,-85.30632485,34.99160141
40,9,X-27,-85.29897311,34.99584594
41,256,Y-27,-85.29162136,34.99160141
42,157,Z-27,-85.28426962,34.99584594
43,23,AA-27,-85.27691787,34.99160141
44,45,AB-27,-85.26956613,34.99584594
45,3,AN-27,-85.18134519,34.99584594
46,1,AO-27,-85.17399344,34.99160141
47,0,AP-27,-85.1666417,34.99584594
48,4,AQ-27,-85.15928996,34.99160141
49,64,AR-27,-85.15193821,34.99584594
50,26,AS-27,-85.14458647,34.99160141
51,11,AT-27,-85.13723472,34.99584594
52,9,AU-27,-85.12988298,34.99160141
53,35,K-26,-85.39454579,35.00009047
54,12,M-26,-85.3798423,35.00009047
55,8,Q-26,-85.35043532,35.00009047
56,21,R-26,-85.34308357,35.004335
57,4,S-26,-85.33573183,35.00009047
58,153,T-26,-85.32838008,35.004335
59,17,U-26,-85.32102834,35.00009047
60,115,V-26,-85.31367659,35.004335
61,19,W-26,-85.30632485,35.00009047
62,34,X-26,-85.29897311,35.004335
63,250,Y-26,-85.29162136,35.00009047
64,134,Z-26,-85.28426962,35.004335
65,61,AA-26,-85.27691787,35.00009047
66,29,AB-26,-85.26956613,35.004335
67,31,AF-26,-85.24015915,35.004335
68,486,AH-26,-85.22545566,35.004335
69,175,AI-26,-85.21810391,35.00009047
70,661,AJ-26,-85.21075217,35.004335
71,0,AK-26,-85.20340042,35.00009047
72,1,AL-26,-85.19604868,35.004335
73,45,AM-26,-85.18869693,35.00009047
74,2,AN-26,-85.18134519,35.004335
75,2,AO-26,-85.17399344,35.00009047
76,18,AP-26,-85.1666417,35.004335
77,10,AQ-26,-85.15928996,35.00009047
78,337,AR-26,-85.15193821,35.004335
79,78,AS-26,-85.14458647,35.00009047
80,33,AT-26,-85.13723472,35.004335
81,180,AU-26,-85.12988298,35.00009047
82,52,AV-26,-85.12253123,35.004335
83,0,J-25,-85.40189753,35.01282407
84,120,K-25,-85.39454579,35.00857953
85,111,L-25,-85.38719404,35.01282407
86,17,M-25,-85.3798423,35.00857953
87,12,N-25,-85.37249055,35.01282407
88,2,O-25,-85.36513881,35.00857953
89,0,P-25,-85.35778706,35.01282407
90,0,Q-25,-85.35043532,35.00857953
91,2,R-25,-85.34308357,35.01282407
92,12,S-25,-85.33573183,35.00857953
93,375,T-25,-85.32838008,35.01282407
94,102,U-25,-85.32102834,35.00857953
95,73,V-25,-85.31367659,35.01282407
96,16,W-25,-85.30632485,35.00857953
97,17,X-25,-85.29897311,35.01282407
98,164,Y-25,-85.29162136,35.00857953
99,120,Z-25,-85.28426962,35.01282407
100,129,AA-25,-85.27691787,35.00857953
101,322,AB-25,-85.26956613,35.01282407
102,501,AD-25,-85.25486264,35.01282407
103,232,AE-25,-85.24751089,35.00857953
104,455,AF-25,-85.24015915,35.01282407
105,356,AG-25,-85.2328074,35.00857953
106,563,AH-25,-85.22545566,35.01282407
107,592,AI-25,-85.21810391,35.00857953
108,476,AJ-25,-85.21075217,35.01282407
109,833,AK-25,-85.20340042,35.00857953
110,146,AL-25,-85.19604868,35.01282407
111,194,AM-25,-85.18869693,35.00857953
112,626,AN-25,-85.18134519,35.01282407
113,13,AO-25,-85.17399344,35.00857953
114,340,AP-25,-85.1666417,35.01282407
115,196,AQ-25,-85.15928996,35.00857953
116,125,AR-25,-85.15193821,35.01282407
117,27,AS-25,-85.14458647,35.00857953
118,5,AT-25,-85.13723472,35.01282407
119,12,AU-25,-85.12988298,35.00857953
120,29,AV-25,-85.12253123,35.01282407
121,2,I-24,-85.40924928,35.0170686
122,7,J-24,-85.40189753,35.02131313
123,2,K-24,-85.39454579,35.0170686
124,53,L-24,-85.38719404,35.02131313
125,360,M-24,-85.3798423,35.0170686
126,60,N-24,-85.37249055,35.02131313
127,87,O-24,-85.36513881,35.0170686
128,24,P-24,-85.35778706,35.02131313
129,45,Q-24,-85.35043532,35.0170686
130,94,R-24,-85.34308357,35.02131313
131,153,S-24,-85.33573183,35.0170686
132,31,T-24,-85.32838008,35.02131313
133,207,U-24,-85.32102834,35.0170686
134,36,V-24,-85.31367659,35.02131313
135,4,W-24,-85.30632485,35.0170686
136,535,X-24,-85.29897311,35.02131313
137,467,Y-24,-85.29162136,35.0170686
138,256,Z-24,-85.28426962,35.02131313
139,882,AA-24,-85.27691787,35.0170686
140,399,AB-24,-85.26956613,35.02131313
141,206,AC-24,-85.26221438,35.0170686
142,91,AD-24,-85.25486264,35.02131313
143,99,AE-24,-85.24751089,35.0170686
144,259,AF-24,-85.24015915,35.02131313
145,90,AG-24,-85.2328074,35.0170686
146,66,AH-24,-85.22545566,35.02131313
147,15,AI-24,-85.21810391,35.0170686
148,0,AJ-24,-85.21075217,35.02131313
149,311,AK-24,-85.20340042,35.0170686
150,258,AL-24,-85.19604868,35.02131313
151,173,AM-24,-85.18869693,35.0170686
152,111,AN-24,-85.18134519,35.02131313
153,417,AO-24,-85.17399344,35.0170686
154,93,AP-24,-85.1666417,35.02131313
155,254,AQ-24,-85.15928996,35.0170686
156,18,AR-24,-85.15193821,35.02131313
157,14,AS-24,-85.14458647,35.0170686
158,49,AT-24,-85.13723472,35.02131313
159,55,AU-24,-85.12988298,35.0170686
160,29,AV-24,-85.12253123,35.02131313
161,12,AW-24,-85.11517949,35.0170686
162,2,I-23,-85.40924928,35.02555766
163,3,J-23,-85.40189753,35.02980219
164,15,K-23,-85.39454579,35.02555766
165,1,L-23,-85.38719404,35.02980219
166,157,M-23,-85.3798423,35.02555766
167,33,N-23,-85.37249055,35.02980219
168,402,O-23,-85.36513881,35.02555766
169,156,P-23,-85.35778706,35.02980219
170,79,Q-23,-85.35043532,35.02555766
171,9,R-23,-85.34308357,35.02980219
172,29,S-23,-85.33573183,35.02555766
173,304,U-23,-85.32102834,35.02555766
174,679,V-23,-85.31367659,35.02980219
175,221,W-23,-85.30632485,35.02555766
176,159,X-23,-85.29897311,35.02980219
177,90,Y-23,-85.29162136,35.02555766
178,175,Z-23,-85.28426962,35.02980219
179,215,AA-23,-85.27691787,35.02555766
180,203,AB-23,-85.26956613,35.02980219
181,34,AC-23,-85.26221438,35.02555766
182,170,AD-23,-85.25486264,35.02980219
183,485,AE-23,-85.24751089,35.02555766
184,69,AF-23,-85.24015915,35.02980219
185,40,AG-23,-85.2328074,35.02555766
186,34,AH-23,-85.22545566,35.02980219
187,57,AI-23,-85.21810391,35.02555766
188,0,AJ-23,-85.21075217,35.02980219
189,3,AK-23,-85.20340042,35.02555766
190,24,AL-23,-85.19604868,35.02980219
191,146,AM-23,-85.18869693,35.02555766
192,535,AN-23,-85.18134519,35.02980219
193,336,AO-23,-85.17399344,35.02555766
194,250,AP-23,-85.1666417,35.02980219
195,659,AQ-23,-85.15928996,35.02555766
196,648,AR-23,-85.15193821,35.02980219
197,37,AS-23,-85.14458647,35.02555766
198,27,AT-23,-85.13723472,35.02980219
199,6,AU-23,-85.12988298,35.02555766
200,54,AV-23,-85.12253123,35.02980219
201,3,AW-23,-85.11517949,35.02555766
202,8,I-22,-85.40924928,35.03404672
203,1,J-22,-85.40189753,35.03829126
204,0,K-22,-85.39454579,35.03404672
205,8,N-22,-85.37249055,35.03829126
206,29,O-22,-85.36513881,35.03404672
207,17,P-22,-85.35778706,35.03829126
208,1,S-22,-85.33573183,35.03404672
209,1,T-22,-85.32838008,35.03829126
210,295,U-22,-85.32102834,35.03404672
211,331,V-22,-85.31367659,35.03829126
212,561,W-22,-85.30632485,35.03404672
213,161,X-22,-85.29897311,35.03829126
214,58,Y-22,-85.29162136,35.03404672
215,241,Z-22,-85.28426962,35.03829126
216,229,AA-22,-85.27691787,35.03404672
217,373,AB-22,-85.26956613,35.03829126
218,395,AC-22,-85.26221438,35.03404672
219,73,AD-22,-85.25486264,35.03829126
220,63,AE-22,-85.24751089,35.03404672
221,137,AF-22,-85.24015915,35.03829126
222,59,AG-22,-85.2328074,35.03404672
223,60,AH-22,-85.22545566,35.03829126
224,45,AI-22,-85.21810391,35.03404672
225,0,AJ-22,-85.21075217,35.03829126
226,1,AK-22,-85.20340042,35.03404672
227,68,AL-22,-85.19604868,35.03829126
228,186,AM-22,-85.18869693,35.03404672
229,164,AN-22,-85.18134519,35.03829126
230,41,AO-22,-85.17399344,35.03404672
231,174,AP-22,-85.1666417,35.03829126
232,884,AQ-22,-85.15928996,35.03404672
233,1359,AR-22,-85.15193821,35.03829126
234,76,AS-22,-85.14458647,35.03404672
235,32,AT-22,-85.13723472,35.03829126
236,92,AU-22,-85.12988298,35.03404672
237,6,AW-22,-85.11517949,35.03404672
238,0,N-21,-85.37249055,35.04678032
239,8,O-21,-85.36513881,35.04253579
240,11,P-21,-85.35778706,35.04678032
241,2,Q-21,-85.35043532,35.04253579
242,6,S-21,-85.33573183,35.04253579
243,0,T-21,-85.32838008,35.04678032
244,182,U-21,-85.32102834,35.04253579
245,1252,V-21,-85.31367659,35.04678032
246,543,W-21,-85.30632485,35.04253579
247,430,X-21,-85.29897311,35.04678032
248,359,Y-21,-85.29162136,35.04253579
249,185,Z-21,-85.28426962,35.04678032
250,255,AA-21,-85.27691787,35.04253579
251,90,AB-21,-85.26956613,35.04678032
252,343,AC-21,-85.26221438,35.04253579
253,74,AD-21,-85.25486264,35.04678032
254,28,AE-21,-85.24751089,35.04253579
255,224,AF-21,-85.24015915,35.04678032
256,54,AG-21,-85.2328074,35.04253579
257,29,AH-21,-85.22545566,35.04678032
258,299,AI-21,-85.21810391,35.04253579
259,51,AJ-21,-85.21075217,35.04678032
260,0,AK-21,-85.20340042,35.04253579
261,16,AL-21,-85.19604868,35.04678032
262,87,AM-21,-85.18869693,35.04253579
263,38,AN-21,-85.18134519,35.04678032
264,24,AO-21,-85.17399344,35.04253579
265,338,AP-21,-85.1666417,35.04678032
266,833,AQ-21,-85.15928996,35.04253579
267,183,AR-21,-85.15193821,35.04678032
268,37,AS-21,-85.14458647,35.04253579
269,15,AT-21,-85.13723472,35.04678032
270,132,AU-21,-85.12988298,35.04253579
271,55,AV-21,-85.12253123,35.04678032
272,17,AZ-21,-85.09312425,35.04678032
273,5,N-20,-85.37249055,35.05526938
274,3,O-20,-85.36513881,35.05102485
275,3,P-20,-85.35778706,35.05526938
276,11,Q-20,-85.35043532,35.05102485
277,2,R-20,-85.34308357,35.05526938
278,7,S-20,-85.33573183,35.05102485
279,21,T-20,-85.32838008,35.05526938
280,136,U-20,-85.32102834,35.05102485
281,764,V-20,-85.31367659,35.05526938
282,999,W-20,-85.30632485,35.05102485
283,146,X-20,-85.29897311,35.05526938
284,452,Y-20,-85.29162136,35.05102485
285,80,Z-20,-85.28426962,35.05526938
286,18,AA-20,-85.27691787,35.05102485
287,134,AB-20,-85.26956613,35.05526938
288,221,AC-20,-85.26221438,35.05102485
289,172,AD-20,-85.25486264,35.05526938
290,87,AE-20,-85.24751089,35.05102485
291,54,AF-20,-85.24015915,35.05526938
292,47,AG-20,-85.2328074,35.05102485
293,12,AH-20,-85.22545566,35.05526938
294,10,AI-20,-85.21810391,35.05102485
295,102,AJ-20,-85.21075217,35.05526938
296,7,AK-20,-85.20340042,35.05102485
297,253,AL-20,-85.19604868,35.05526938
298,267,AM-20,-85.18869693,35.05102485
299,98,AN-20,-85.18134519,35.05526938
300,33,AO-20,-85.17399344,35.05102485
301,10,AP-20,-85.1666417,35.05526938
302,92,AQ-20,-85.15928996,35.05102485
303,63,AR-20,-85.15193821,35.05526938
304,164,AS-20,-85.14458647,35.05102485
305,251,AT-20,-85.13723472,35.05526938
306,82,AU-20,-85.12988298,35.05102485
307,12,AV-20,-85.12253123,35.05526938
308,6,AW-20,-85.11517949,35.05102485
309,5,AZ-20,-85.09312425,35.05526938
310,1,BA-20,-85.08577251,35.05102485
311,1,N-19,-85.37249055,35.06375845
312,0,P-19,-85.35778706,35.06375845
313,3,Q-19,-85.35043532,35.05951392
314,15,T-19,-85.32838008,35.06375845
315,81,U-19,-85.32102834,35.05951392
316,382,V-19,-85.31367659,35.06375845
317,450,W-19,-85.30632485,35.05951392
318,85,X-19,-85.29897311,35.06375845
319,4,Y-19,-85.29162136,35.05951392
320,1,Z-19,-85.28426962,35.06375845
321,183,AA-19,-85.27691787,35.05951392
322,34,AB-19,-85.26956613,35.06375845
323,33,AC-19,-85.26221438,35.05951392
324,97,AD-19,-85.25486264,35.06375845
325,26,AE-19,-85.24751089,35.05951392
326,23,AF-19,-85.24015915,35.06375845
327,42,AG-19,-85.2328074,35.05951392
328,30,AH-19,-85.22545566,35.06375845
329,4,AI-19,-85.21810391,35.05951392
330,32,AJ-19,-85.21075217,35.06375845
331,14,AK-19,-85.20340042,35.05951392
332,181,AL-19,-85.19604868,35.06375845
333,123,AM-19,-85.18869693,35.05951392
334,1,AN-19,-85.18134519,35.06375845
335,5,AO-19,-85.17399344,35.05951392
336,8,AP-19,-85.1666417,35.06375845
337,50,AQ-19,-85.15928996,35.05951392
338,16,AR-19,-85.15193821,35.06375845
339,18,AS-19,-85.14458647,35.05951392
340,290,AT-19,-85.13723472,35.06375845
341,262,AU-19,-85.12988298,35.05951392
342,71,AV-19,-85.12253123,35.06375845
343,10,AW-19,-85.11517949,35.05951392
344,5,AX-19,-85.10782774,35.06375845
345,12,AZ-19,-85.09312425,35.06375845
346,3,BA-19,-85.08577251,35.05951392
347,48,BB-19,-85.07842076,35.06375845
348,0,O-18,-85.36513881,35.06800298
349,2,P-18,-85.35778706,35.07224751
350,3,Q-18,-85.35043532,35.06800298
351,10,S-18,-85.33573183,35.06800298
352,15,T-18,-85.32838008,35.07224751
353,111,U-18,-85.32102834,35.06800298
354,59,V-18,-85.31367659,35.07224751
355,167,W-18,-85.30632485,35.06800298
356,41,X-18,-85.29897311,35.07224751
357,155,Y-18,-85.29162136,35.06800298
358,7,Z-18,-85.28426962,35.07224751
359,7,AA-18,-85.27691787,35.06800298
360,124,AB-18,-85.26956613,35.07224751
361,18,AC-18,-85.26221438,35.06800298
362,60,AD-18,-85.25486264,35.07224751
363,149,AE-18,-85.24751089,35.06800298
364,79,AF-18,-85.24015915,35.07224751
365,36,AG-18,-85.2328074,35.06800298
366,2,AH-18,-85.22545566,35.07224751
367,17,AI-18,-85.21810391,35.06800298
368,18,AJ-18,-85.21075217,35.07224751
369,9,AK-18,-85.20340042,35.06800298
370,181,AL-18,-85.19604868,35.07224751
371,32,AM-18,-85.18869693,35.06800298
372,90,AN-18,-85.18134519,35.07224751
373,24,AO-18,-85.17399344,35.06800298
374,146,AP-18,-85.1666417,35.07224751
375,48,AQ-18,-85.15928996,35.06800298
376,127,AR-18,-85.15193821,35.07224751
377,176,AS-18,-85.14458647,35.06800298
378,22,AT-18,-85.13723472,35.07224751
379,6,AU-18,-85.12988298,35.06800298
380,14,AV-18,-85.12253123,35.07224751
381,54,AW-18,-85.11517949,35.06800298
382,192,AX-18,-85.10782774,35.07224751
383,89,AY-18,-85.100476,35.06800298
384,20,AZ-18,-85.09312425,35.07224751
385,11,BA-18,-85.08577251,35.06800298
386,0,P-17,-85.35778706,35.08073657
387,0,Q-17,-85.35043532,35.07649204
388,0,S-17,-85.33573183,35.07649204
389,37,T-17,-85.32838008,35.08073657
390,181,U-17,-85.32102834,35.07649204
391,18,V-17,-85.31367659,35.08073657
392,64,W-17,-85.30632485,35.07649204
393,98,X-17,-85.29897311,35.08073657
394,32,Y-17,-85.29162136,35.07649204
395,2,Z-17,-85.28426962,35.08073657
396,2,AA-17,-85.27691787,35.07649204
397,21,AB-17,-85.26956613,35.08073657
398,117,AC-17,-85.26221438,35.07649204
399,27,AD-17,-85.25486264,35.08073657
400,48,AE-17,-85.24751089,35.07649204
401,46,AF-17,-85.24015915,35.08073657
402,55,AG-17,-85.2328074,35.07649204
403,57,AH-17,-85.22545566,35.08073657
404,31,AI-17,-85.21810391,35.07649204
405,186,AJ-17,-85.21075217,35.08073657
406,80,AK-17,-85.20340042,35.07649204
407,168,AL-17,-85.19604868,35.08073657
408,174,AM-17,-85.18869693,35.07649204
409,22,AN-17,-85.18134519,35.08073657
410,77,AO-17,-85.17399344,35.07649204
411,11,AP-17,-85.1666417,35.08073657
412,16,AQ-17,-85.15928996,35.07649204
413,58,AR-17,-85.15193821,35.08073657
414,3,AS-17,-85.14458647,35.07649204
415,1,AT-17,-85.13723472,35.08073657
416,195,AU-17,-85.12988298,35.07649204
417,1,AV-17,-85.12253123,35.08073657
418,79,AW-17,-85.11517949,35.07649204
419,1,AX-17,-85.10782774,35.08073657
420,28,AY-17,-85.100476,35.07649204
421,74,AZ-17,-85.09312425,35.08073657
422,35,BA-17,-85.08577251,35.07649204
423,322,BB-17,-85.07842076,35.08073657
424,8,BC-17,-85.07106902,35.07649204
425,509,BD-17,-85.06371727,35.08073657
426,0,P-16,-85.35778706,35.08922564
427,0,Q-16,-85.35043532,35.08498111
428,32,S-16,-85.33573183,35.08498111
429,189,T-16,-85.32838008,35.08922564
430,350,U-16,-85.32102834,35.08498111
431,8,W-16,-85.30632485,35.08498111
432,38,X-16,-85.29897311,35.08922564
433,111,Y-16,-85.29162136,35.08498111
434,31,Z-16,-85.28426962,35.08922564
435,1,AA-16,-85.27691787,35.08498111
436,1,AB-16,-85.26956613,35.08922564
437,249,AC-16,-85.26221438,35.08498111
438,76,AD-16,-85.25486264,35.08922564
439,3,AE-16,-85.24751089,35.08498111
440,3,AF-16,-85.24015915,35.08922564
441,23,AG-16,-85.2328074,35.08498111
442,48,AH-16,-85.22545566,35.08922564
443,122,AI-16,-85.21810391,35.08498111
444,98,AJ-16,-85.21075217,35.08922564
445,287,AK-16,-85.20340042,35.08498111
446,68,AL-16,-85.19604868,35.08922564
447,260,AM-16,-85.18869693,35.08498111
448,172,AN-16,-85.18134519,35.08922564
449,28,AO-16,-85.17399344,35.08498111
450,1,AP-16,-85.1666417,35.08922564
451,17,AQ-16,-85.15928996,35.08498111
452,22,AT-16,-85.13723472,35.08922564
453,1,AV-16,-85.12253123,35.08922564
454,2,AW-16,-85.11517949,35.08498111
455,1,AY-16,-85.100476,35.08498111
456,2,AZ-16,-85.09312425,35.08922564
457,20,BA-16,-85.08577251,35.08498111
458,76,BB-16,-85.07842076,35.08922564
459,447,BC-16,-85.07106902,35.08498111
460,289,BD-16,-85.06371727,35.08922564
461,304,BE-16,-85.05636553,35.08498111
462,0,P-15,-85.35778706,35.0977147
463,0,Q-15,-85.35043532,35.09347017
464,17,R-15,-85.34308357,35.0977147
465,0,S-15,-85.33573183,35.09347017
466,372,T-15,-85.32838008,35.0977147
467,30,U-15,-85.32102834,35.09347017
468,5,Y-15,-85.29162136,35.09347017
469,39,Z-15,-85.28426962,35.0977147
470,2,AA-15,-85.27691787,35.09347017
471,8,AB-15,-85.26956613,35.0977147
472,6,AC-15,-85.26221438,35.09347017
473,72,AD-15,-85.25486264,35.0977147
474,84,AE-15,-85.24751089,35.09347017
475,184,AF-15,-85.24015915,35.0977147
476,19,AG-15,-85.2328074,35.09347017
477,103,AH-15,-85.22545566,35.0977147
478,180,AI-15,-85.21810391,35.09347017
479,2,AJ-15,-85.21075217,35.0977147
480,8,AK-15,-85.20340042,35.09347017
481,10,AL-15,-85.19604868,35.0977147
482,81,AM-15,-85.18869693,35.09347017
483,55,AN-15,-85.18134519,35.0977147
484,72,AO-15,-85.17399344,35.09347017
485,39,AP-15,-85.1666417,35.0977147
486,8,AQ-15,-85.15928996,35.09347017
487,0,AT-15,-85.13723472,35.0977147
488,11,AU-15,-85.12988298,35.09347017
489,2,AZ-15,-85.09312425,35.0977147
490,4,BA-15,-85.08577251,35.09347017
491,2,BC-15,-85.07106902,35.09347017
492,52,BD-15,-85.06371727,35.0977147
493,64,BE-15,-85.05636553,35.09347017
494,1,O-14,-85.36513881,35.10195923
495,9,P-14,-85.35778706,35.10620377
496,48,Q-14,-85.35043532,35.10195923
497,21,R-14,-85.34308357,35.10620377
498,112,S-14,-85.33573183,35.10195923
499,115,T-14,-85.32838008,35.10620377
500,44,U-14,-85.32102834,35.10195923
501,11,V-14,-85.31367659,35.10620377
502,22,Y-14,-85.29162136,35.10195923
503,32,Z-14,-85.28426962,35.10620377
504,74,AA-14,-85.27691787,35.10195923
505,83,AB-14,-85.26956613,35.10620377
506,10,AC-14,-85.26221438,35.10195923
507,24,AD-14,-85.25486264,35.10620377
508,8,AE-14,-85.24751089,35.10195923
509,27,AF-14,-85.24015915,35.10620377
510,31,AG-14,-85.2328074,35.10195923
511,146,AH-14,-85.22545566,35.10620377
512,5,AJ-14,-85.21075217,35.10620377
513,0,AK-14,-85.20340042,35.10195923
514,3,AM-14,-85.18869693,35.10195923
515,4,AN-14,-85.18134519,35.10620377
516,15,AO-14,-85.17399344,35.10195923
517,20,AP-14,-85.1666417,35.10620377
518,163,AQ-14,-85.15928996,35.10195923
519,23,AR-14,-85.15193821,35.10620377
520,3,AS-14,-85.14458647,35.10195923
521,31,AT-14,-85.13723472,35.10620377
522,1,AX-14,-85.10782774,35.10620377
523,2,AY-14,-85.100476,35.10195923
524,4,AZ-14,-85.09312425,35.10620377
525,73,BE-14,-85.05636553,35.10195923
526,124,BF-14,-85.04901378,35.10620377
527,23,O-13,-85.36513881,35.1104483
528,2,P-13,-85.35778706,35.11469283
529,52,Q-13,-85.35043532,35.1104483
530,1,S-13,-85.33573183,35.1104483
531,61,T-13,-85.32838008,35.11469283
532,41,U-13,-85.32102834,35.1104483
533,29,V-13,-85.31367659,35.11469283
534,27,W-13,-85.30632485,35.1104483
535,74,Y-13,-85.29162136,35.1104483
536,21,Z-13,-85.28426962,35.11469283
537,20,AA-13,-85.27691787,35.1104483
538,43,AB-13,-85.26956613,35.11469283
539,176,AC-13,-85.26221438,35.1104483
540,208,AD-13,-85.25486264,35.11469283
541,50,AE-13,-85.24751089,35.1104483
542,5,AF-13,-85.24015915,35.11469283
543,248,AG-13,-85.2328074,35.1104483
544,63,AI-13,-85.21810391,35.1104483
545,15,AJ-13,-85.21075217,35.11469283
546,0,AK-13,-85.20340042,35.1104483
547,0,AN-13,-85.18134519,35.11469283
548,15,AO-13,-85.17399344,35.1104483
549,11,AP-13,-85.1666417,35.11469283
550,33,AQ-13,-85.15928996,35.1104483
551,35,AS-13,-85.14458647,35.1104483
552,27,AT-13,-85.13723472,35.11469283
553,36,AU-13,-85.12988298,35.1104483
554,15,AV-13,-85.12253123,35.11469283
555,3,AW-13,-85.11517949,35.1104483
556,4,BE-13,-85.05636553,35.1104483
557,53,U-12,-85.32102834,35.11893736
558,60,V-12,-85.31367659,35.12318189
559,25,W-12,-85.30632485,35.11893736
560,84,X-12,-85.29897311,35.12318189
561,70,AA-12,-85.27691787,35.11893736
562,22,AB-12,-85.26956613,35.12318189
563,176,AC-12,-85.26221438,35.11893736
564,67,AD-12,-85.25486264,35.12318189
565,168,AE-12,-85.24751089,35.11893736
566,942,AF-12,-85.24015915,35.12318189
567,58,AG-12,-85.2328074,35.11893736
568,13,AH-12,-85.22545566,35.12318189
569,0,AI-12,-85.21810391,35.11893736
570,22,AJ-12,-85.21075217,35.12318189
571,4,AK-12,-85.20340042,35.11893736
572,10,AL-12,-85.19604868,35.12318189
573,1,AO-12,-85.17399344,35.11893736
574,2,AP-12,-85.1666417,35.12318189
575,25,AU-12,-85.12988298,35.11893736
576,75,AV-12,-85.12253123,35.12318189
577,13,U-11,-85.32102834,35.12742642
578,24,V-11,-85.31367659,35.13167096
579,49,W-11,-85.30632485,35.12742642
580,3,X-11,-85.29897311,35.13167096
581,27,Y-11,-85.29162136,35.12742642
582,20,AB-11,-85.26956613,35.13167096
583,32,AC-11,-85.26221438,35.12742642
584,29,AD-11,-85.25486264,35.13167096
585,319,AE-11,-85.24751089,35.12742642
586,689,AF-11,-85.24015915,35.13167096
587,58,AG-11,-85.2328074,35.12742642
588,12,AH-11,-85.22545566,35.13167096
589,16,AI-11,-85.21810391,35.12742642
590,74,AJ-11,-85.21075217,35.13167096
591,20,AK-11,-85.20340042,35.12742642
592,10,AL-11,-85.19604868,35.13167096
593,0,AM-11,-85.18869693,35.12742642
594,0,AN-11,-85.18134519,35.13167096
595,0,AP-11,-85.1666417,35.13167096
596,1,AU-11,-85.12988298,35.12742642
597,33,V-10,-85.31367659,35.14016002
598,6,W-10,-85.30632485,35.13591549
599,5,X-10,-85.29897311,35.14016002
600,19,Y-10,-85.29162136,35.13591549
601,5,Z-10,-85.28426962,35.14016002
602,21,AB-10,-85.26956613,35.14016002
603,32,AC-10,-85.26221438,35.13591549
604,93,AD-10,-85.25486264,35.14016002
605,430,AE-10,-85.24751089,35.13591549
606,230,AF-10,-85.24015915,35.14016002
607,123,AG-10,-85.2328074,35.13591549
608,33,AH-10,-85.22545566,35.14016002
609,0,AI-10,-85.21810391,35.13591549
610,16,AJ-10,-85.21075217,35.14016002
611,10,AK-10,-85.20340042,35.13591549
612,2,AL-10,-85.19604868,35.14016002
613,3,AM-10,-85.18869693,35.13591549
614,2,AN-10,-85.18134519,35.14016002
615,1,AP-10,-85.1666417,35.14016002
616,5,AQ-10,-85.15928996,35.13591549
617,0,W-9,-85.30632485,35.14440455
618,3,X-9,-85.29897311,35.14864908
619,8,Y-9,-85.29162136,35.14440455
620,5,Z-9,-85.28426962,35.14864908
621,51,AA-9,-85.27691787,35.14440455
622,31,AB-9,-85.26956613,35.14864908
623,81,AC-9,-85.26221438,35.14440455
624,118,AD-9,-85.25486264,35.14864908
625,491,AE-9,-85.24751089,35.14440455
626,56,AF-9,-85.24015915,35.14864908
627,139,AG-9,-85.2328074,35.14440455
628,97,AH-9,-85.22545566,35.14864908
629,61,AI-9,-85.21810391,35.14440455
630,75,AJ-9,-85.21075217,35.14864908
631,25,AK-9,-85.20340042,35.14440455
632,35,AL-9,-85.19604868,35.14864908
633,13,AM-9,-85.18869693,35.14440455
634,5,AN-9,-85.18134519,35.14864908
635,1,AO-9,-85.17399344,35.14440455
636,18,Y-8,-85.29162136,35.15289362
637,19,Z-8,-85.28426962,35.15713815
638,5,AA-8,-85.27691787,35.15289362
639,8,AB-8,-85.26956613,35.15713815
640,2,AC-8,-85.26221438,35.15289362
641,13,AD-8,-85.25486264,35.15713815
642,447,AE-8,-85.24751089,35.15289362
643,12,AF-8,-85.24015915,35.15713815
644,2,AG-8,-85.2328074,35.15289362
645,27,AH-8,-85.22545566,35.15713815
646,87,AI-8,-85.21810391,35.15289362
647,24,AJ-8,-85.21075217,35.15713815
648,101,AK-8,-85.20340042,35.15289362
649,64,AL-8,-85.19604868,35.15713815
650,10,AM-8,-85.18869693,35.15289362
651,0,Y-7,-85.29162136,35.16138268
652,18,Z-7,-85.28426962,35.16562721
653,3,AA-7,-85.27691787,35.16138268
654,0,AB-7,-85.26956613,35.16562721
655,6,AC-7,-85.26221438,35.16138268
656,29,AD-7,-85.25486264,35.16562721
657,162,AE-7,-85.24751089,35.16138268
658,7,AF-7,-85.24015915,35.16562721
659,5,AG-7,-85.2328074,35.16138268
660,10,AH-7,-85.22545566,35.16562721
661,9,AI-7,-85.21810391,35.16138268
662,37,AJ-7,-85.21075217,35.16562721
663,11,AK-7,-85.20340042,35.16138268
664,11,AL-7,-85.19604868,35.16562721
665,24,AM-7,-85.18869693,35.16138268
666,14,AN-7,-85.18134519,35.16562721
667,0,Z-6,-85.28426962,35.17411627
668,11,AA-6,-85.27691787,35.16987174
669,14,AC-6,-85.26221438,35.16987174
670,31,AD-6,-85.25486264,35.17411627
671,44,AE-6,-85.24751089,35.16987174
672,1,AF-6,-85.24015915,35.17411627
673,7,AG-6,-85.2328074,35.16987174
674,3,AI-6,-85.21810391,35.16987174
675,41,AK-6,-85.20340042,35.16987174
676,1,AL-6,-85.19604868,35.17411627
677,12,AM-6,-85.18869693,35.16987174
678,7,AC-5,-85.26221438,35.17836081
679,27,AD-5,-85.25486264,35.18260534
680,176,AE-5,-85.24751089,35.17836081
681,16,AF-5,-85.24015915,35.18260534
682,17,AG-5,-85.2328074,35.17836081
683,36,AK-5,-85.20340042,35.17836081
684,212,AE-4,-85.24751089,35.18684987
685,36,AF-4,-85.24015915,35.1910944
686,0,AG-4,-85.2328074,35.18684987
687,3,AH-4,-85.22545566,35.1910944
688,16,AF-3,-85.24015915,35.19958346
689,4,AG-3,-85.2328074,35.19533893
690,1,AH-3,-85.22545566,35.19958346
691,25,AG-2,-85.2328074,35.203828
692,18,AH-2,-85.22545566,35.20807253
693,1,AI-2,-85.21810391,35.203828
694,75,AI-1,-85.21810391,35.21231706
