Latitude,Longitude,Hour,Grid_Num,Join_Count,NBR_LANES,TY_TERRAIN,FUNC_CLASS,Clear,Cloudy,DayFrame,DayOfWeek,Foggy,Rain,RainBefore,Snow,Unix,WeekDay,cloudCover,dewPoint,humidity,precipIntensity,temperature,windSpeed,visibility,uvIndex,pressure
34.98311234,-85.46806323,0,1,14.0,4.0,2.0,11.0,0,1,1,4.0,0,0,0,0,1598587200,1,0.98,71.63,0.86,0.0135,76.17,4.08,10.0,0.0,1015.4
34.98311234,-85.46806323,4,1,14.0,4.0,2.0,11.0,0,1,1,4.0,0,0,0,0,1598601600,1,0.8,71.42,0.9,0.0032,74.51,4.47,10.0,0.0,1014.7
34.98311234,-85.46806323,8,1,14.0,4.0,2.0,11.0,0,1,2,4.0,0,0,0,0,1598616000,1,0.68,72.65,0.96,0.002,73.73,5.97,10.0,0.0,1014.8
34.98311234,-85.46806323,12,1,14.0,4.0,2.0,11.0,0,1,3,4.0,0,0,0,0,1598630400,1,0.8,76.78,0.96,0.0396,77.95,7.96,10.0,5.0,1014.7
34.98311234,-85.46806323,16,1,14.0,4.0,2.0,11.0,0,1,4,4.0,0,0,0,0,1598644800,1,0.54,76.77,0.83,0.0165,82.51,10.95,9.61,5.0,1011.4
34.98311234,-85.46806323,20,1,14.0,4.0,2.0,11.0,0,1,1,4.0,0,0,0,0,1598659200,1,0.84,73.35,0.88,0.0108,77.02,8.89,10.0,0.0,1010.7
34.98311234,-85.46806323,23,1,14.0,4.0,2.0,11.0,0,1,1,4.0,0,0,1,0,1598670000,1,0.71,69.8,0.88,0.0065,73.72,8.95,10.0,0.0,1010.5
34.98735687,-85.46071149,0,2,2.0,2.0,2.0,17.0,0,1,1,4.0,0,0,0,0,1598587200,1,0.98,70.67,0.86,0.0134,75.19,4.07,10.0,0.0,1015.4
34.98735687,-85.46071149,4,2,2.0,2.0,2.0,17.0,0,1,1,4.0,0,0,0,0,1598601600,1,0.8,70.61,0.91,0.0033,73.46,4.46,10.0,0.0,1014.6
34.98735687,-85.46071149,8,2,2.0,2.0,2.0,17.0,0,1,2,4.0,0,0,0,0,1598616000,1,0.68,72.07,0.96,0.0021,73.15,5.96,10.0,0.0,1014.8
34.98735687,-85.46071149,12,2,2.0,2.0,2.0,17.0,0,1,3,4.0,0,0,0,0,1598630400,1,0.8,76.23,0.97,0.039,77.19,7.95,10.0,5.0,1014.7
34.98735687,-85.46071149,16,2,2.0,2.0,2.0,17.0,0,1,4,4.0,0,0,0,0,1598644800,1,0.54,75.69,0.83,0.0163,81.45,10.95,9.679,5.0,1011.4
34.98735687,-85.46071149,20,2,2.0,2.0,2.0,17.0,0,1,1,4.0,0,0,0,0,1598659200,1,0.84,72.51,0.89,0.0108,76.0,8.88,10.0,0.0,1010.7
34.98735687,-85.46071149,23,2,2.0,2.0,2.0,17.0,0,1,1,4.0,0,0,1,0,1598670000,1,0.71,69.06,0.88,0.0067,72.83,8.96,10.0,0.0,1010.5
34.98311234,-85.40924928,0,3,111.0,4.0,2.0,11.0,0,1,1,4.0,0,0,0,0,1598587200,1,0.97,72.67,0.85,0.0122,77.38,4.05,10.0,0.0,1015.5
34.98311234,-85.40924928,4,3,111.0,4.0,2.0,11.0,0,1,1,4.0,0,0,0,0,1598601600,1,0.81,72.25,0.89,0.0042,75.63,4.44,9.864,0.0,1014.7
34.98311234,-85.40924928,8,3,111.0,4.0,2.0,11.0,0,1,2,4.0,0,0,0,0,1598616000,1,0.67,73.23,0.96,0.0026,74.57,5.94,10.0,0.0,1014.9
34.98311234,-85.40924928,12,3,111.0,4.0,2.0,11.0,0,1,3,4.0,0,0,0,0,1598630400,1,0.79,77.28,0.94,0.0328,79.2,8.0,10.0,5.0,1014.8
34.98311234,-85.40924928,16,3,111.0,4.0,2.0,11.0,0,1,4,4.0,0,0,0,0,1598644800,1,0.52,77.58,0.81,0.0148,83.88,11.13,10.0,5.0,1011.5
34.98311234,-85.40924928,20,3,111.0,4.0,2.0,11.0,0,1,1,4.0,0,0,0,0,1598659200,1,0.83,74.03,0.87,0.0096,78.37,8.98,10.0,0.0,1010.7
34.98311234,-85.40924928,23,3,111.0,4.0,2.0,11.0,0,1,1,4.0,0,0,0,0,1598670000,1,0.71,70.46,0.87,0.0076,74.75,9.03,10.0,0.0,1010.5
34.98735687,-85.40189753,0,4,38.0,4.0,2.0,11.0,0,1,1,4.0,0,0,0,0,1598587200,1,0.97,72.75,0.85,0.012,77.46,4.03,10.0,0.0,1015.4
34.98735687,-85.40189753,4,4,38.0,4.0,2.0,11.0,0,1,1,4.0,0,0,0,0,1598601600,1,0.81,72.31,0.89,0.0043,75.7,4.43,9.814,0.0,1014.7
34.98735687,-85.40189753,8,4,38.0,4.0,2.0,11.0,0,1,2,4.0,0,0,0,0,1598616000,1,0.67,73.26,0.95,0.0027,74.64,5.93,10.0,0.0,1014.9
34.98735687,-85.40189753,12,4,38.0,4.0,2.0,11.0,0,1,3,4.0,0,0,0,0,1598630400,1,0.79,77.3,0.94,0.0321,79.3,8.0,10.0,5.0,1014.8
34.98735687,-85.40189753,16,4,38.0,4.0,2.0,11.0,0,1,4,4.0,0,0,0,0,1598644800,1,0.51,77.59,0.81,0.0146,83.98,11.14,10.0,5.0,1011.5
34.98735687,-85.40189753,20,4,38.0,4.0,2.0,11.0,0,1,1,4.0,0,0,0,0,1598659200,1,0.83,74.05,0.86,0.0095,78.47,8.98,10.0,0.0,1010.7
34.98735687,-85.40189753,23,4,38.0,4.0,2.0,11.0,0,1,1,4.0,0,0,0,0,1598670000,1,0.71,70.51,0.86,0.0078,74.82,9.03,10.0,0.0,1010.5
34.98311234,-85.39454579,0,5,11.0,2.0,2.0,16.0,0,1,1,4.0,0,0,0,0,1598587200,1,0.97,73.23,0.85,0.0119,78.03,4.04,10.0,0.0,1015.5
34.98311234,-85.39454579,4,5,11.0,2.0,2.0,16.0,0,1,1,4.0,0,0,0,0,1598601600,1,0.81,72.65,0.89,0.0045,76.14,4.44,9.804,0.0,1014.7
34.98311234,-85.39454579,8,5,11.0,2.0,2.0,16.0,0,1,2,4.0,0,0,0,0,1598616000,1,0.67,73.5,0.95,0.0027,75.0,5.94,10.0,0.0,1015.0
34.98311234,-85.39454579,12,5,11.0,2.0,2.0,16.0,0,1,3,4.0,0,0,0,0,1598630400,1,0.79,77.58,0.93,0.0312,79.77,8.02,10.0,5.0,1014.8
34.98311234,-85.39454579,16,5,11.0,2.0,2.0,16.0,0,1,4,4.0,0,0,0,0,1598644800,1,0.51,77.91,0.8,0.0143,84.62,11.18,10.0,5.0,1011.5
34.98311234,-85.39454579,20,5,11.0,2.0,2.0,16.0,0,1,1,4.0,0,0,0,0,1598659200,1,0.83,74.4,0.86,0.0092,79.06,9.0,10.0,0.0,1010.7
34.98311234,-85.39454579,23,5,11.0,2.0,2.0,16.0,0,1,1,4.0,0,0,0,0,1598670000,1,0.7,70.85,0.86,0.0079,75.27,9.05,10.0,0.0,1010.5
34.98735687,-85.38719404,0,6,14.0,1.0,3.0,19.0,0,1,1,4.0,0,0,0,0,1598587200,1,0.97,73.32,0.85,0.0117,78.12,4.02,10.0,0.0,1015.5
34.98735687,-85.38719404,4,6,14.0,1.0,3.0,19.0,0,1,1,4.0,0,0,0,0,1598601600,1,0.81,72.72,0.89,0.0046,76.21,4.43,9.753,0.0,1014.7
34.98735687,-85.38719404,8,6,14.0,1.0,3.0,19.0,0,1,2,4.0,0,0,0,0,1598616000,1,0.67,73.54,0.95,0.0028,75.08,5.92,10.0,0.0,1015.0
34.98735687,-85.38719404,12,6,14.0,1.0,3.0,19.0,0,1,3,4.0,0,0,0,0,1598630400,1,0.78,77.59,0.93,0.0304,79.88,8.01,10.0,5.0,1014.8
34.98735687,-85.38719404,16,6,14.0,1.0,3.0,19.0,0,1,4,4.0,0,0,0,0,1598644800,1,0.51,77.9,0.8,0.0141,84.72,11.19,10.0,5.0,1011.5
34.98735687,-85.38719404,20,6,14.0,1.0,3.0,19.0,0,1,1,4.0,0,0,0,0,1598659200,1,0.83,74.42,0.85,0.0091,79.16,9.0,10.0,0.0,1010.7
34.98735687,-85.38719404,23,6,14.0,1.0,3.0,19.0,0,1,1,4.0,0,0,0,0,1598670000,1,0.71,70.92,0.86,0.0081,75.35,9.05,10.0,0.0,1010.5
34.98311234,-85.36513881,0,7,0.0,2.0,2.0,19.0,0,1,1,4.0,0,0,0,0,1598587200,1,0.96,70.27,0.88,0.0114,74.2,4.03,10.0,0.0,1015.5
34.98311234,-85.36513881,4,7,0.0,2.0,2.0,19.0,0,1,1,4.0,0,0,0,0,1598601600,1,0.81,69.87,0.93,0.005,71.92,4.43,9.685,0.0,1014.7
34.98311234,-85.36513881,8,7,0.0,2.0,2.0,19.0,0,1,2,4.0,0,0,0,0,1598616000,1,0.67,71.36,0.98,0.003,71.98,5.93,10.0,0.0,1014.9
34.98311234,-85.36513881,12,7,0.0,2.0,2.0,19.0,0,1,3,4.0,0,0,0,0,1598630400,1,0.78,74.24,0.96,0.028,75.42,8.05,10.0,5.0,1014.8
34.98311234,-85.36513881,16,7,0.0,2.0,2.0,19.0,0,1,4,4.0,0,0,0,0,1598644800,1,0.5,73.42,0.81,0.0134,79.83,11.28,10.0,5.0,1011.5
34.98311234,-85.36513881,20,7,0.0,2.0,2.0,19.0,0,1,1,4.0,0,0,0,0,1598659200,1,0.83,71.06,0.89,0.0084,74.58,9.06,10.0,0.0,1010.8
34.98311234,-85.36513881,23,7,0.0,2.0,2.0,19.0,0,1,1,4.0,0,0,0,0,1598670000,1,0.7,67.65,0.88,0.0086,71.33,9.1,10.0,0.0,1010.5
34.98735687,-85.35778706,0,8,3.0,2.0,2.0,19.0,0,1,1,4.0,0,0,0,0,1598587200,1,0.96,70.39,0.88,0.0113,74.04,4.01,10.0,0.0,1015.5
34.98735687,-85.35778706,4,8,3.0,2.0,2.0,19.0,0,1,1,4.0,0,0,0,0,1598601600,1,0.82,69.82,0.94,0.0052,71.67,4.42,9.631,0.0,1014.7
34.98735687,-85.35778706,8,8,3.0,2.0,2.0,19.0,0,1,2,4.0,0,0,0,0,1598616000,1,0.67,71.27,0.99,0.003,71.65,5.91,10.0,0.0,1014.9
34.98735687,-85.35778706,12,8,3.0,2.0,2.0,19.0,0,1,3,4.0,0,0,0,0,1598630400,1,0.78,73.79,0.97,0.0273,74.84,8.04,10.0,5.0,1014.8
34.98735687,-85.35778706,16,8,3.0,2.0,2.0,19.0,0,1,4,4.0,0,0,0,0,1598644800,1,0.5,73.16,0.81,0.013,79.48,11.3,10.0,5.0,1011.5
34.98735687,-85.35778706,20,8,3.0,2.0,2.0,19.0,0,1,1,4.0,0,0,0,0,1598659200,1,0.83,70.94,0.89,0.0083,74.26,9.06,10.0,0.0,1010.7
34.98735687,-85.35778706,23,8,3.0,2.0,2.0,19.0,0,1,1,4.0,0,0,0,0,1598670000,1,0.71,67.63,0.89,0.0087,71.09,9.1,10.0,0.0,1010.5
34.98311234,-85.35043532,0,9,5.0,2.0,3.0,17.0,0,1,1,4.0,0,0,0,0,1598587200,1,0.96,70.32,0.87,0.0111,74.32,4.02,10.0,0.0,1015.5
34.98311234,-85.35043532,4,9,5.0,2.0,3.0,17.0,0,1,1,4.0,0,0,0,0,1598601600,1,0.81,69.95,0.93,0.0053,72.03,4.43,9.625,0.0,1014.7
34.98311234,-85.35043532,8,9,5.0,2.0,3.0,17.0,0,1,2,4.0,0,0,0,0,1598616000,1,0.67,71.39,0.98,0.003,72.11,5.92,10.0,0.0,1014.9
34.98311234,-85.35043532,12,9,5.0,2.0,3.0,17.0,0,1,3,4.0,0,0,0,0,1598630400,1,0.78,74.29,0.96,0.0265,75.65,8.07,10.0,5.0,1014.8
34.98311234,-85.35043532,16,9,5.0,2.0,3.0,17.0,0,1,4,4.0,0,0,0,0,1598644800,1,0.49,73.42,0.8,0.0127,80.0,11.33,10.0,5.0,1011.5
34.98311234,-85.35043532,20,9,5.0,2.0,3.0,17.0,0,1,1,4.0,0,0,0,0,1598659200,1,0.82,71.1,0.88,0.0079,74.75,9.09,10.0,0.0,1010.8
34.98311234,-85.35043532,23,9,5.0,2.0,3.0,17.0,0,1,1,4.0,0,0,0,0,1598670000,1,0.7,67.72,0.88,0.0089,71.48,9.12,10.0,0.0,1010.5
34.98735687,-85.34308357,0,10,30.0,2.0,3.0,16.0,0,1,1,4.0,0,0,0,0,1598587200,1,0.96,70.63,0.86,0.0111,75.17,4.01,10.0,0.0,1015.5
34.98735687,-85.34308357,4,10,30.0,2.0,3.0,16.0,0,1,1,4.0,0,0,0,0,1598601600,1,0.82,70.58,0.91,0.0055,73.25,4.42,9.571,0.0,1014.7
34.98735687,-85.34308357,8,10,30.0,2.0,3.0,16.0,0,1,2,4.0,0,0,0,0,1598616000,1,0.67,71.78,0.96,0.0031,73.13,5.9,10.0,0.0,1015.0
34.98735687,-85.34308357,12,10,30.0,2.0,3.0,16.0,0,1,3,4.0,0,0,0,0,1598630400,1,0.77,75.36,0.94,0.026,77.35,8.06,10.0,5.0,1014.8
34.98735687,-85.34308357,16,10,30.0,2.0,3.0,16.0,0,1,4,4.0,0,0,0,0,1598644800,1,0.49,74.43,0.8,0.0124,81.36,11.35,10.0,5.0,1011.5
34.98735687,-85.34308357,20,10,30.0,2.0,3.0,16.0,0,1,1,4.0,0,0,0,0,1598659200,1,0.82,71.83,0.87,0.008,76.05,9.1,10.0,0.0,1010.8
34.98735687,-85.34308357,23,10,30.0,2.0,3.0,16.0,0,1,1,4.0,0,0,0,0,1598670000,1,0.71,68.56,0.87,0.009000000000000001,72.73,9.13,10.0,0.0,1010.5
34.98311234,-85.33573183,0,11,6.0,2.0,2.0,19.0,0,1,1,4.0,0,0,0,0,1598587200,1,0.96,72.62,0.85,0.0109,77.36,4.01,10.0,0.0,1015.5
34.98311234,-85.33573183,4,11,6.0,2.0,2.0,19.0,0,1,1,4.0,0,0,0,0,1598601600,1,0.81,72.31,0.9,0.0056,75.61,4.43,9.566,0.0,1014.7
34.98311234,-85.33573183,8,11,6.0,2.0,2.0,19.0,0,1,2,4.0,0,0,0,0,1598616000,1,0.67,73.26,0.95,0.0031,74.74,5.92,10.0,0.0,1015.0
34.98311234,-85.33573183,12,11,6.0,2.0,2.0,19.0,0,1,3,4.0,0,0,0,0,1598630400,1,0.77,77.06,0.92,0.0251,79.65,8.09,10.0,5.0,1014.8
34.98311234,-85.33573183,16,11,6.0,2.0,2.0,19.0,0,1,4,4.0,0,0,0,0,1598644800,1,0.49,77.1,0.8,0.0121,83.95,11.39,10.0,5.0,1011.5
34.98311234,-85.33573183,20,11,6.0,2.0,2.0,19.0,0,1,1,4.0,0,0,0,0,1598659200,1,0.82,73.78,0.86,0.0076,78.45,9.12,10.0,0.0,1010.8
34.98311234,-85.33573183,23,11,6.0,2.0,2.0,19.0,0,1,1,4.0,0,0,0,0,1598670000,1,0.7,70.43,0.86,0.0093,74.85,9.15,10.0,0.0,1010.5
34.98735687,-85.32838008,0,12,37.0,2.0,2.0,19.0,0,1,1,4.0,0,0,0,0,1598587200,1,0.96,72.92,0.85,0.0108,77.68,4.0,10.0,0.0,1015.5
34.98735687,-85.32838008,4,12,37.0,2.0,2.0,19.0,0,1,1,4.0,0,0,0,0,1598601600,1,0.82,72.54,0.89,0.0057,75.87,4.42,9.51,0.0,1014.7
34.98735687,-85.32838008,8,12,37.0,2.0,2.0,19.0,0,1,2,4.0,0,0,0,0,1598616000,1,0.67,73.42,0.95,0.0032,74.96,5.9,10.0,0.0,1015.0
34.98735687,-85.32838008,12,12,37.0,2.0,2.0,19.0,0,1,3,4.0,0,0,0,0,1598630400,1,0.77,77.21,0.91,0.0244,79.93,8.08,10.0,5.0,1014.8
34.98735687,-85.32838008,16,12,37.0,2.0,2.0,19.0,0,1,4,4.0,0,0,0,0,1598644800,1,0.49,77.29,0.8,0.0117,84.31,11.41,10.0,5.0,1011.5
34.98735687,-85.32838008,20,12,37.0,2.0,2.0,19.0,0,1,1,4.0,0,0,0,0,1598659200,1,0.82,73.98,0.85,0.0074,78.78,9.13,10.0,0.0,1010.8
34.98735687,-85.32838008,23,12,37.0,2.0,2.0,19.0,0,1,1,4.0,0,0,0,0,1598670000,1,0.71,70.64,0.86,0.0093,75.1,9.16,10.0,0.0,1010.5
34.98311234,-85.32102834,0,13,5.0,2.0,2.0,19.0,0,1,1,4.0,0,0,0,0,1598587200,1,0.96,73.21,0.85,0.0106,78.01,4.01,10.0,0.0,1015.5
34.98311234,-85.32102834,4,13,5.0,2.0,2.0,19.0,0,1,1,4.0,0,0,0,0,1598601600,1,0.81,72.77,0.89,0.0058,76.13,4.43,9.507,0.0,1014.7
34.98311234,-85.32102834,8,13,5.0,2.0,2.0,19.0,0,1,2,4.0,0,0,0,0,1598616000,1,0.67,73.59,0.95,0.0032,75.19,5.91,10.0,0.0,1015.0
34.98311234,-85.32102834,12,13,5.0,2.0,2.0,19.0,0,1,3,4.0,0,0,0,0,1598630400,1,0.77,77.38,0.91,0.0235,80.24,8.11,10.0,5.0,1014.8
34.98311234,-85.32102834,16,13,5.0,2.0,2.0,19.0,0,1,4,4.0,0,0,0,0,1598644800,1,0.48,77.46,0.79,0.0114,84.71,11.45,10.0,5.0,1011.5
34.98311234,-85.32102834,20,13,5.0,2.0,2.0,19.0,0,1,1,4.0,0,0,0,0,1598659200,1,0.82,74.19,0.85,0.0071,79.12,9.15,10.0,0.0,1010.8
34.98311234,-85.32102834,23,13,5.0,2.0,2.0,19.0,0,1,1,4.0,0,0,0,0,1598670000,1,0.7,70.86,0.86,0.0096,75.37,9.18,10.0,0.0,1010.5
34.98735687,-85.31367659,0,14,17.0,2.0,2.0,19.0,0,1,1,4.0,0,0,0,0,1598587200,1,0.95,73.27,0.85,0.0105,78.07,4.0,10.0,0.0,1015.5
34.98735687,-85.31367659,4,14,17.0,2.0,2.0,19.0,0,1,1,4.0,0,0,0,0,1598601600,1,0.81,72.84,0.89,0.0059,76.17,4.42,9.451,0.0,1014.7
34.98735687,-85.31367659,8,14,17.0,2.0,2.0,19.0,0,1,2,4.0,0,0,0,0,1598616000,1,0.67,73.63,0.95,0.0033,75.24,5.89,10.0,0.0,1015.0
34.98735687,-85.31367659,12,14,17.0,2.0,2.0,19.0,0,1,3,4.0,0,0,0,0,1598630400,1,0.77,77.38,0.91,0.0227,80.33,8.11,10.0,5.0,1014.8
34.98735687,-85.31367659,16,14,17.0,2.0,2.0,19.0,0,1,4,4.0,0,0,0,0,1598644800,1,0.48,77.43,0.79,0.0109,84.78,11.48,10.0,5.0,1011.5
34.98735687,-85.31367659,20,14,17.0,2.0,2.0,19.0,0,1,1,4.0,0,0,0,0,1598659200,1,0.82,74.2,0.85,0.0069,79.19,9.16,10.0,0.0,1010.8
34.98735687,-85.31367659,23,14,17.0,2.0,2.0,19.0,0,1,1,4.0,0,0,0,0,1598670000,1,0.71,70.91,0.86,0.0097,75.42,9.19,10.0,0.0,1010.5
34.98311234,-85.30632485,0,15,1.0,,,,0,1,1,4.0,0,0,0,0,1598587200,1,0.95,73.32,0.85,0.0103,78.14,4.0,10.0,0.0,1015.5
34.98311234,-85.30632485,4,15,1.0,,,,0,1,1,4.0,0,0,0,0,1598601600,1,0.81,72.9,0.89,0.006,76.22,4.43,9.446,0.0,1014.7
34.98311234,-85.30632485,8,15,1.0,,,,0,1,2,4.0,0,0,0,0,1598616000,1,0.67,73.66,0.95,0.0033,75.31,5.9,10.0,0.0,1015.1
34.98311234,-85.30632485,12,15,1.0,,,,0,1,3,4.0,0,0,0,0,1598630400,1,0.77,77.38,0.9,0.0217,80.43,8.13,10.0,5.0,1014.8
34.98311234,-85.30632485,16,15,1.0,,,,0,1,4,4.0,0,0,0,0,1598644800,1,0.48,77.41,0.78,0.0107,84.87,11.51,10.0,5.0,1011.5
34.98311234,-85.30632485,20,15,1.0,,,,0,1,1,4.0,0,0,0,0,1598659200,1,0.82,74.22,0.85,0.0065,79.27,9.17,10.0,0.0,1010.8
34.98311234,-85.30632485,23,15,1.0,,,,0,1,1,4.0,0,0,0,0,1598670000,1,0.7,70.96,0.86,0.01,75.49,9.21,10.0,0.0,1010.5
34.98735687,-85.29897311,0,16,9.0,2.0,2.0,19.0,0,1,1,4.0,0,0,0,0,1598587200,1,0.95,73.29,0.85,0.0102,78.11,3.99,10.0,0.0,1015.5
34.98735687,-85.29897311,4,16,9.0,2.0,2.0,19.0,0,1,1,4.0,0,0,0,0,1598601600,1,0.81,72.89,0.9,0.0061,76.19,4.42,9.389,0.0,1014.7
34.98735687,-85.29897311,8,16,9.0,2.0,2.0,19.0,0,1,2,4.0,0,0,0,0,1598616000,1,0.67,73.65,0.95,0.0033,75.3,5.88,10.0,0.0,1015.1
34.98735687,-85.29897311,12,16,9.0,2.0,2.0,19.0,0,1,3,4.0,0,0,0,0,1598630400,1,0.76,77.32,0.9,0.021,80.44,8.13,10.0,5.0,1014.8
34.98735687,-85.29897311,16,16,9.0,2.0,2.0,19.0,0,1,4,4.0,0,0,0,0,1598644800,1,0.48,77.31,0.78,0.0102,84.83,11.54,10.0,5.0,1011.5
34.98735687,-85.29897311,20,16,9.0,2.0,2.0,19.0,0,1,1,4.0,0,0,0,0,1598659200,1,0.82,74.17,0.85,0.0063,79.24,9.19,10.0,0.0,1010.8
34.98735687,-85.29897311,23,16,9.0,2.0,2.0,19.0,0,1,1,4.0,0,0,0,0,1598670000,1,0.71,70.94,0.86,0.01,75.47,9.22,10.0,0.0,1010.5
34.98311234,-85.29162136,0,17,18.0,2.0,2.0,19.0,0,1,1,4.0,0,0,0,0,1598587200,1,0.95,73.14,0.85,0.0099,77.98,4.0,10.0,0.0,1015.5
34.98311234,-85.29162136,4,17,18.0,2.0,2.0,19.0,0,1,1,4.0,0,0,0,0,1598601600,1,0.81,72.8,0.9,0.0061,76.07,4.43,9.388,0.0,1014.7
34.98311234,-85.29162136,8,17,18.0,2.0,2.0,19.0,0,1,2,4.0,0,0,0,0,1598616000,1,0.68,73.59,0.95,0.0033,75.23,5.9,10.0,0.0,1015.1
34.98311234,-85.29162136,12,17,18.0,2.0,2.0,19.0,0,1,3,4.0,0,0,0,0,1598630400,1,0.76,77.22,0.9,0.0199,80.39,8.15,10.0,5.0,1014.8
34.98311234,-85.29162136,16,17,18.0,2.0,2.0,19.0,0,1,4,4.0,0,0,0,0,1598644800,1,0.48,77.18,0.78,0.0099,84.67,11.57,10.0,5.0,1011.5
34.98311234,-85.29162136,20,17,18.0,2.0,2.0,19.0,0,1,1,4.0,0,0,0,0,1598659200,1,0.81,74.07,0.85,0.0059,79.1,9.21,10.0,0.0,1010.8
34.98311234,-85.29162136,23,17,18.0,2.0,2.0,19.0,0,1,1,4.0,0,0,0,0,1598670000,1,0.71,70.84,0.86,0.0104,75.37,9.25,10.0,0.0,1010.5
34.98735687,-85.28426962,0,18,188.0,2.0,2.0,19.0,0,1,1,4.0,0,0,0,0,1598587200,1,0.94,72.64,0.85,0.0097,77.47,3.99,10.0,0.0,1015.5
34.98735687,-85.28426962,4,18,188.0,2.0,2.0,19.0,0,1,1,4.0,0,0,0,0,1598601600,1,0.81,72.45,0.9,0.0062,75.64,4.42,9.33,0.0,1014.7
34.98735687,-85.28426962,8,18,188.0,2.0,2.0,19.0,0,1,2,4.0,0,0,0,0,1598616000,1,0.68,73.27,0.95,0.0034,74.9,5.87,10.0,0.0,1015.1
34.98735687,-85.28426962,12,18,188.0,2.0,2.0,19.0,0,1,3,4.0,0,0,0,0,1598630400,1,0.76,76.82,0.9,0.019,79.98,8.16,10.0,5.0,1014.8
34.98735687,-85.28426962,16,18,188.0,2.0,2.0,19.0,0,1,4,4.0,0,0,0,0,1598644800,1,0.47,76.66,0.79,0.0093,84.04,11.61,10.0,5.0,1011.5
34.98735687,-85.28426962,20,18,188.0,2.0,2.0,19.0,0,1,1,4.0,0,0,0,0,1598659200,1,0.81,73.66,0.85,0.0056,78.59,9.23,10.0,0.0,1010.8
34.98735687,-85.28426962,23,18,188.0,2.0,2.0,19.0,0,1,1,4.0,0,0,0,0,1598670000,1,0.71,70.49,0.86,0.0104,74.98,9.26,10.0,0.0,1010.5
34.98735687,-85.26956613,0,20,45.0,2.0,2.0,19.0,0,1,1,4.0,0,0,0,0,1598587200,1,0.94,72.07,0.85,0.0092,76.98,3.99,10.0,0.0,1015.5
34.98735687,-85.26956613,4,20,45.0,2.0,2.0,19.0,0,1,1,4.0,0,0,0,0,1598601600,1,0.8,72.03,0.9,0.0062,75.16,4.43,9.272,0.0,1014.7
34.98735687,-85.26956613,8,20,45.0,2.0,2.0,19.0,0,1,2,4.0,0,0,0,0,1598616000,1,0.68,72.88,0.95,0.0034,74.55,5.87,10.0,0.0,1015.1
34.98735687,-85.26956613,12,20,45.0,2.0,2.0,19.0,0,1,3,4.0,0,0,0,0,1598630400,1,0.76,76.34,0.9,0.0169,79.56,8.19,10.0,5.0,1014.8
34.98735687,-85.26956613,16,20,45.0,2.0,2.0,19.0,0,1,4,4.0,0,0,0,0,1598644800,1,0.47,75.91,0.78,0.0083,83.42,11.69,10.0,5.0,1011.5
34.98735687,-85.26956613,20,20,45.0,2.0,2.0,19.0,0,1,1,4.0,0,0,0,0,1598659200,1,0.81,73.19,0.85,0.0049,78.08,9.27,10.0,0.0,1010.8
34.98735687,-85.26956613,23,20,45.0,2.0,2.0,19.0,0,0,1,4.0,0,1,1,0,1598670000,1,0.71,70.14,0.86,0.011,74.58,9.3,10.0,0.0,1010.5
34.98311234,-85.17399344,0,21,1.0,2.0,2.0,19.0,0,1,1,4.0,0,0,0,0,1598587200,1,0.94,72.56,0.83,0.0059,78.0,4.12,10.0,0.0,1015.5
34.98311234,-85.17399344,4,21,1.0,2.0,2.0,19.0,0,1,1,4.0,0,0,0,0,1598601600,1,0.8,72.71,0.89,0.0057,76.11,4.98,9.704,0.0,1014.7
34.98311234,-85.17399344,8,21,1.0,2.0,2.0,19.0,0,1,2,4.0,0,0,0,0,1598616000,1,0.68,73.52,0.94,0.0024,75.35,6.36,10.0,0.0,1015.1
34.98311234,-85.17399344,12,21,1.0,2.0,2.0,19.0,0,1,3,4.0,0,0,0,0,1598630400,1,0.74,76.8,0.87,0.0085,81.06,8.68,10.0,5.0,1014.9
34.98311234,-85.17399344,16,21,1.0,2.0,2.0,19.0,0,1,4,4.0,0,0,0,0,1598644800,1,0.48,76.5,0.77,0.0101,84.33,11.83,10.0,5.0,1011.6
34.98311234,-85.17399344,20,21,1.0,2.0,2.0,19.0,0,1,1,4.0,0,0,0,0,1598659200,1,0.78,73.75,0.84,0.0036,78.87,9.44,10.0,0.0,1010.9
34.98311234,-85.17399344,23,21,1.0,2.0,2.0,19.0,0,0,1,4.0,0,1,0,0,1598670000,1,0.73,70.83,0.86,0.0149,75.35,9.87,10.0,0.0,1010.5
34.98735687,-85.1666417,0,22,3.0,2.0,2.0,19.0,0,1,1,4.0,0,0,0,0,1598587200,1,0.94,72.5,0.83,0.0063,77.98,4.13,10.0,0.0,1015.5
34.98735687,-85.1666417,4,22,3.0,2.0,2.0,19.0,0,1,1,4.0,0,0,0,0,1598601600,1,0.8,72.69,0.89,0.0061,76.1,5.03,9.73,0.0,1014.7
34.98735687,-85.1666417,8,22,3.0,2.0,2.0,19.0,0,1,2,4.0,0,0,0,0,1598616000,1,0.69,73.51,0.94,0.0025,75.35,6.39,10.0,0.0,1015.1
34.98735687,-85.1666417,12,22,3.0,2.0,2.0,19.0,0,1,3,4.0,0,0,0,0,1598630400,1,0.74,76.77,0.87,0.009000000000000001,81.08,8.72,10.0,5.0,1014.9
34.98735687,-85.1666417,16,22,3.0,2.0,2.0,19.0,0,1,4,4.0,0,0,0,0,1598644800,1,0.48,76.47,0.77,0.0111,84.3,11.84,10.0,5.0,1011.6
34.98735687,-85.1666417,20,22,3.0,2.0,2.0,19.0,0,1,1,4.0,0,0,0,0,1598659200,1,0.78,73.73,0.84,0.0039,78.84,9.46,10.0,0.0,1010.9
34.98735687,-85.1666417,23,22,3.0,2.0,2.0,19.0,0,0,1,4.0,0,1,0,0,1598670000,1,0.73,70.82,0.86,0.0137,75.34,9.92,10.0,0.0,1010.5
34.98311234,-85.15928996,0,23,0.0,2.0,2.0,19.0,0,1,1,4.0,0,0,0,0,1598587200,1,0.95,72.43,0.83,0.0064,77.89,4.14,10.0,0.0,1015.5
34.98311234,-85.15928996,4,23,0.0,2.0,2.0,19.0,0,1,1,4.0,0,0,0,0,1598601600,1,0.82,72.66,0.89,0.0063,76.09,5.07,9.791,0.0,1014.7
34.98311234,-85.15928996,8,23,0.0,2.0,2.0,19.0,0,1,2,4.0,0,0,0,0,1598616000,1,0.68,73.5,0.94,0.0025,75.31,6.46,10.0,0.0,1015.1
34.98311234,-85.15928996,12,23,0.0,2.0,2.0,19.0,0,1,3,4.0,0,0,0,0,1598630400,1,0.74,76.83,0.87,0.009000000000000001,81.1,8.73,10.0,5.0,1014.9
34.98311234,-85.15928996,16,23,0.0,2.0,2.0,19.0,0,1,4,4.0,0,0,0,0,1598644800,1,0.47,76.55,0.78,0.0121,84.21,11.79,10.0,5.0,1011.6
34.98311234,-85.15928996,20,23,0.0,2.0,2.0,19.0,0,1,1,4.0,0,0,0,0,1598659200,1,0.77,73.72,0.85,0.0041,78.77,9.44,10.0,0.0,1010.9
34.98311234,-85.15928996,23,23,0.0,2.0,2.0,19.0,0,0,1,4.0,0,1,0,0,1598670000,1,0.73,70.76,0.86,0.0139,75.29,9.93,10.0,0.0,1010.6
34.98735687,-85.15193821,0,24,10.0,2.0,2.0,19.0,0,1,1,4.0,0,0,0,0,1598587200,1,0.95,72.29,0.83,0.0067,77.77,4.14,10.0,0.0,1015.5
34.98735687,-85.15193821,4,24,10.0,2.0,2.0,19.0,0,1,1,4.0,0,0,0,0,1598601600,1,0.83,72.57,0.89,0.0066,76.01,5.11,9.818,0.0,1014.7
34.98735687,-85.15193821,8,24,10.0,2.0,2.0,19.0,0,1,2,4.0,0,0,0,0,1598616000,1,0.68,73.44,0.94,0.0025,75.24,6.5,10.0,0.0,1015.1
34.98735687,-85.15193821,12,24,10.0,2.0,2.0,19.0,0,1,3,4.0,0,0,0,0,1598630400,1,0.74,76.76,0.87,0.0093,81.04,8.77,10.0,5.0,1014.9
34.98735687,-85.15193821,16,24,10.0,2.0,2.0,19.0,0,1,4,4.0,0,0,0,0,1598644800,1,0.47,76.48,0.78,0.0128,84.07,11.81,10.0,5.0,1011.6
34.98735687,-85.15193821,20,24,10.0,2.0,2.0,19.0,0,1,1,4.0,0,0,0,0,1598659200,1,0.77,73.65,0.85,0.0044,78.65,9.46,10.0,0.0,1010.9
34.98735687,-85.15193821,23,24,10.0,2.0,2.0,19.0,0,0,1,4.0,0,1,0,0,1598670000,1,0.73,70.68,0.86,0.0132,75.21,9.98,10.0,0.0,1010.6
34.98311234,-85.14458647,0,25,6.0,2.0,2.0,19.0,0,1,1,4.0,0,0,0,0,1598587200,1,0.95,71.75,0.83,0.0067,77.25,4.15,10.0,0.0,1015.5
34.98311234,-85.14458647,4,25,6.0,2.0,2.0,19.0,0,1,1,4.0,0,0,0,0,1598601600,1,0.84,72.14,0.89,0.0068,75.58,5.15,9.878,0.0,1014.7
34.98311234,-85.14458647,8,25,6.0,2.0,2.0,19.0,0,1,2,4.0,0,0,0,0,1598616000,1,0.67,73.14,0.94,0.0025,74.88,6.56,10.0,0.0,1015.2
34.98311234,-85.14458647,12,25,6.0,2.0,2.0,19.0,0,1,3,4.0,0,0,0,0,1598630400,1,0.74,76.48,0.87,0.0091,80.63,8.79,10.0,5.0,1014.9
34.98311234,-85.14458647,16,25,6.0,2.0,2.0,19.0,0,1,4,4.0,0,0,0,0,1598644800,1,0.47,76.19,0.79,0.0137,83.42,11.76,10.0,5.0,1011.6
34.98311234,-85.14458647,20,25,6.0,2.0,2.0,19.0,0,1,1,4.0,0,0,0,0,1598659200,1,0.77,73.35,0.85,0.0045,78.15,9.45,10.0,0.0,1011.0
34.98311234,-85.14458647,23,25,6.0,2.0,2.0,19.0,0,0,1,4.0,0,1,0,0,1598670000,1,0.73,70.28,0.86,0.0135,74.83,9.99,10.0,0.0,1010.6
35.16138268,-85.29162136,0,651,0.0,2.0,2.0,19.0,0,1,1,4.0,0,0,0,0,1598587200,1,0.95,73.21,0.89,0.0111,76.81,3.73,10.0,0.0,1015.5
35.16138268,-85.29162136,4,651,0.0,2.0,2.0,19.0,0,1,1,4.0,0,0,0,0,1598601600,1,0.87,73.04,0.93,0.0043,75.06,4.87,10.0,0.0,1014.7
35.16138268,-85.29162136,8,651,0.0,2.0,2.0,19.0,0,1,2,4.0,0,0,0,0,1598616000,1,0.65,73.71,1.0,0.0024,73.83,5.93,9.583,0.0,1014.9
35.16138268,-85.29162136,12,651,0.0,2.0,2.0,19.0,0,1,3,4.0,0,0,0,0,1598630400,1,0.74,77.53,0.97,0.0221,78.52,8.73,10.0,5.0,1014.8
35.16138268,-85.29162136,16,651,0.0,2.0,2.0,19.0,0,1,4,4.0,0,0,0,0,1598644800,1,0.46,77.4,0.87,0.022,81.63,11.19,10.0,5.0,1011.4
35.16138268,-85.29162136,20,651,0.0,2.0,2.0,19.0,0,1,1,4.0,0,0,0,0,1598659200,1,0.82,74.4,0.89,0.0168,77.75,9.12,10.0,0.0,1010.6
35.16138268,-85.29162136,23,651,0.0,2.0,2.0,19.0,0,1,1,4.0,0,0,1,0,1598670000,1,0.78,71.33,0.91,0.0134,74.0,9.05,10.0,0.0,1010.3
35.16562721,-85.28426962,0,652,18.0,4.0,2.0,12.0,0,1,1,4.0,0,0,0,0,1598587200,1,0.95,74.07,0.88,0.011,77.8,3.72,10.0,0.0,1015.5
35.16562721,-85.28426962,4,652,18.0,4.0,2.0,12.0,0,1,1,4.0,0,0,0,0,1598601600,1,0.87,73.49,0.93,0.0043,75.81,4.89,10.0,0.0,1014.7
35.16562721,-85.28426962,8,652,18.0,4.0,2.0,12.0,0,1,2,4.0,0,0,0,0,1598616000,1,0.65,74.15,0.99,0.0022,74.41,5.94,9.457,0.0,1014.9
35.16562721,-85.28426962,12,652,18.0,4.0,2.0,12.0,0,1,3,4.0,0,0,0,0,1598630400,1,0.74,78.1,0.96,0.0216,79.26,8.75,10.0,5.0,1014.8
35.16562721,-85.28426962,16,652,18.0,4.0,2.0,12.0,0,1,4,4.0,0,0,0,0,1598644800,1,0.45,78.17,0.86,0.0224,82.61,11.2,10.0,5.0,1011.4
35.16562721,-85.28426962,20,652,18.0,4.0,2.0,12.0,0,1,1,4.0,0,0,0,0,1598659200,1,0.81,75.15,0.89,0.0161,78.82,9.13,10.0,0.0,1010.6
35.16562721,-85.28426962,23,652,18.0,4.0,2.0,12.0,0,1,1,4.0,0,0,1,0,1598670000,1,0.78,71.94,0.91,0.0135,74.78,9.07,10.0,0.0,1010.3
35.16138268,-85.27691787,0,653,3.0,2.0,2.0,19.0,0,1,1,4.0,0,0,0,0,1598587200,1,0.95,74.33,0.88,0.0107,78.19,3.72,10.0,0.0,1015.5
35.16138268,-85.27691787,4,653,3.0,2.0,2.0,19.0,0,1,1,4.0,0,0,0,0,1598601600,1,0.87,73.6,0.92,0.0044,76.07,4.88,10.0,0.0,1014.7
35.16138268,-85.27691787,8,653,3.0,2.0,2.0,19.0,0,1,2,4.0,0,0,0,0,1598616000,1,0.65,74.24,0.99,0.0021,74.67,5.94,9.423,0.0,1014.9
35.16138268,-85.27691787,12,653,3.0,2.0,2.0,19.0,0,1,3,4.0,0,0,0,0,1598630400,1,0.74,78.26,0.96,0.021,79.6,8.73,10.0,5.0,1014.8
35.16138268,-85.27691787,16,653,3.0,2.0,2.0,19.0,0,1,4,4.0,0,0,0,0,1598644800,1,0.45,78.31,0.86,0.0219,83.03,11.23,10.0,5.0,1011.4
35.16138268,-85.27691787,20,653,3.0,2.0,2.0,19.0,0,1,1,4.0,0,0,0,0,1598659200,1,0.81,75.29,0.88,0.0148,79.24,9.14,10.0,0.0,1010.6
35.16138268,-85.27691787,23,653,3.0,2.0,2.0,19.0,0,1,1,4.0,0,0,1,0,1598670000,1,0.78,72.12,0.9,0.0132,75.12,9.08,10.0,0.0,1010.3
35.16562721,-85.26956613,0,654,0.0,2.0,2.0,19.0,0,1,1,4.0,0,0,0,0,1598587200,1,0.94,74.42,0.88,0.0106,78.27,3.71,10.0,0.0,1015.5
35.16562721,-85.26956613,4,654,0.0,2.0,2.0,19.0,0,1,1,4.0,0,0,0,0,1598601600,1,0.88,73.64,0.92,0.0044,76.11,4.9,10.0,0.0,1014.7
35.16562721,-85.26956613,8,654,0.0,2.0,2.0,19.0,0,1,2,4.0,0,0,0,0,1598616000,1,0.65,74.27,0.99,0.002,74.71,5.95,9.293,0.0,1014.8
35.16562721,-85.26956613,12,654,0.0,2.0,2.0,19.0,0,1,3,4.0,0,0,0,0,1598630400,1,0.73,78.33,0.96,0.0204,79.66,8.74,10.0,5.0,1014.8
35.16562721,-85.26956613,16,654,0.0,2.0,2.0,19.0,0,1,4,4.0,0,0,0,0,1598644800,1,0.45,78.38,0.86,0.0223,83.03,11.24,10.0,5.0,1011.4
35.16562721,-85.26956613,20,654,0.0,2.0,2.0,19.0,0,1,1,4.0,0,0,0,0,1598659200,1,0.81,75.36,0.88,0.0141,79.35,9.16,10.0,0.0,1010.6
35.16562721,-85.26956613,23,654,0.0,2.0,2.0,19.0,0,1,1,4.0,0,0,1,0,1598670000,1,0.79,72.2,0.9,0.0132,75.19,9.09,10.0,0.0,1010.3
35.16138268,-85.26221438,0,655,6.0,2.0,2.0,19.0,0,1,1,4.0,0,0,0,0,1598587200,1,0.94,74.26,0.88,0.0103,78.05,3.7,10.0,0.0,1015.5
35.16138268,-85.26221438,4,655,6.0,2.0,2.0,19.0,0,1,1,4.0,0,0,0,0,1598601600,1,0.88,73.55,0.92,0.0045,75.97,4.89,10.0,0.0,1014.7
35.16138268,-85.26221438,8,655,6.0,2.0,2.0,19.0,0,1,2,4.0,0,0,0,0,1598616000,1,0.65,74.22,0.99,0.0019,74.59,5.94,9.262,0.0,1014.8
35.16138268,-85.26221438,12,655,6.0,2.0,2.0,19.0,0,1,3,4.0,0,0,0,0,1598630400,1,0.73,78.22,0.96,0.0197,79.52,8.72,10.0,5.0,1014.8
35.16138268,-85.26221438,16,655,6.0,2.0,2.0,19.0,0,1,4,4.0,0,0,0,0,1598644800,1,0.45,78.24,0.86,0.0218,82.82,11.26,10.0,5.0,1011.4
35.16138268,-85.26221438,20,655,6.0,2.0,2.0,19.0,0,1,1,4.0,0,0,0,0,1598659200,1,0.81,75.23,0.88,0.0128,79.13,9.17,10.0,0.0,1010.7
35.16138268,-85.26221438,23,655,6.0,2.0,2.0,19.0,0,1,1,4.0,0,0,1,0,1598670000,1,0.78,72.04,0.91,0.0129,75.01,9.11,10.0,0.0,1010.3
35.16562721,-85.25486264,0,656,29.0,2.0,2.0,19.0,0,1,1,4.0,0,0,0,0,1598587200,1,0.94,74.32,0.88,0.0101,78.08,3.69,10.0,0.0,1015.5
35.16562721,-85.25486264,4,656,29.0,2.0,2.0,19.0,0,1,1,4.0,0,0,0,0,1598601600,1,0.88,73.57,0.92,0.0045,75.97,4.91,10.0,0.0,1014.7
35.16562721,-85.25486264,8,656,29.0,2.0,2.0,19.0,0,1,2,4.0,0,0,0,0,1598616000,1,0.65,74.23,0.99,0.0018,74.59,5.95,9.13,0.0,1014.8
35.16562721,-85.25486264,12,656,29.0,2.0,2.0,19.0,0,1,3,4.0,0,0,0,0,1598630400,1,0.73,78.28,0.96,0.0191,79.53,8.73,10.0,5.0,1014.8
35.16562721,-85.25486264,16,656,29.0,2.0,2.0,19.0,0,1,4,4.0,0,0,1,0,1598644800,1,0.45,78.28,0.86,0.0222,82.76,11.26,10.0,5.0,1011.4
35.16562721,-85.25486264,20,656,29.0,2.0,2.0,19.0,0,1,1,4.0,0,0,0,0,1598659200,1,0.81,75.27,0.88,0.012,79.17,9.18,10.0,0.0,1010.7
35.16562721,-85.25486264,23,656,29.0,2.0,2.0,19.0,0,1,1,4.0,0,0,1,0,1598670000,1,0.79,72.08,0.91,0.0129,75.03,9.11,10.0,0.0,1010.3
35.16138268,-85.24751089,0,657,162.0,2.0,2.0,19.0,0,1,1,4.0,0,0,0,0,1598587200,1,0.94,74.32,0.88,0.0099,78.14,3.69,10.0,0.0,1015.5
35.16138268,-85.24751089,4,657,162.0,2.0,2.0,19.0,0,1,1,4.0,0,0,0,0,1598601600,1,0.88,73.56,0.92,0.0046,76.02,4.9,10.0,0.0,1014.7
35.16138268,-85.24751089,8,657,162.0,2.0,2.0,19.0,0,1,2,4.0,0,0,0,0,1598616000,1,0.65,74.22,0.99,0.0017,74.66,5.95,9.153,0.0,1014.8
35.16138268,-85.24751089,12,657,162.0,2.0,2.0,19.0,0,1,3,4.0,0,0,0,0,1598630400,1,0.73,78.26,0.96,0.0183,79.64,8.72,10.0,5.0,1014.8
35.16138268,-85.24751089,16,657,162.0,2.0,2.0,19.0,0,1,4,4.0,0,0,1,0,1598644800,1,0.44,78.25,0.86,0.0216,82.87,11.29,10.0,5.0,1011.4
35.16138268,-85.24751089,20,657,162.0,2.0,2.0,19.0,0,1,1,4.0,0,0,0,0,1598659200,1,0.81,75.24,0.88,0.011,79.24,9.19,10.0,0.0,1010.7
35.16138268,-85.24751089,23,657,162.0,2.0,2.0,19.0,0,1,1,4.0,0,0,1,0,1598670000,1,0.79,72.07,0.9,0.0126,75.09,9.14,10.0,0.0,1010.3
35.16562721,-85.24015915,0,658,7.0,2.0,2.0,19.0,0,1,1,4.0,0,0,0,0,1598587200,1,0.94,74.44,0.88,0.0096,78.37,3.68,10.0,0.0,1015.5
35.16562721,-85.24015915,4,658,7.0,2.0,2.0,19.0,0,1,1,4.0,0,0,0,0,1598601600,1,0.88,73.61,0.92,0.0046,76.19,4.93,10.0,0.0,1014.7
35.16562721,-85.24015915,8,658,7.0,2.0,2.0,19.0,0,1,2,4.0,0,0,0,0,1598616000,1,0.65,74.24,0.98,0.0016,74.82,5.98,9.17,0.0,1014.8
35.16562721,-85.24015915,12,658,7.0,2.0,2.0,19.0,0,1,3,4.0,0,0,0,0,1598630400,1,0.73,78.35,0.95,0.0176,79.88,8.77,10.0,5.0,1014.8
35.16562721,-85.24015915,16,658,7.0,2.0,2.0,19.0,0,1,4,4.0,0,0,1,0,1598644800,1,0.44,78.35,0.86,0.0216,83.13,11.31,10.0,5.0,1011.4
35.16562721,-85.24015915,20,658,7.0,2.0,2.0,19.0,0,1,1,4.0,0,0,0,0,1598659200,1,0.81,75.3,0.87,0.0112,79.5,9.21,10.0,0.0,1010.7
35.16562721,-85.24015915,23,658,7.0,2.0,2.0,19.0,0,1,1,4.0,0,0,1,0,1598670000,1,0.79,72.19,0.9,0.0126,75.31,9.16,10.0,0.0,1010.3
35.16138268,-85.2328074,0,659,5.0,2.0,2.0,19.0,0,1,1,4.0,0,0,0,0,1598587200,1,0.95,74.54,0.87,0.0093,78.69,3.68,10.0,0.0,1015.5
35.16138268,-85.2328074,4,659,5.0,2.0,2.0,19.0,0,1,1,4.0,0,0,0,0,1598601600,1,0.88,73.65,0.91,0.0046,76.42,4.93,10.0,0.0,1014.7
35.16138268,-85.2328074,8,659,5.0,2.0,2.0,19.0,0,1,2,4.0,0,0,0,0,1598616000,1,0.65,74.26,0.97,0.0016,75.05,6.0,9.288,0.0,1014.8
35.16138268,-85.2328074,12,659,5.0,2.0,2.0,19.0,0,1,3,4.0,0,0,0,0,1598630400,1,0.73,78.36,0.94,0.017,80.22,8.79,10.0,5.0,1014.8
35.16138268,-85.2328074,16,659,5.0,2.0,2.0,19.0,0,1,4,4.0,0,0,1,0,1598644800,1,0.44,78.46,0.85,0.0209,83.57,11.35,10.0,5.0,1011.4
35.16138268,-85.2328074,20,659,5.0,2.0,2.0,19.0,0,1,1,4.0,0,0,0,0,1598659200,1,0.8,75.32,0.86,0.0107,79.84,9.24,10.0,0.0,1010.7
35.16138268,-85.2328074,23,659,5.0,2.0,2.0,19.0,0,1,1,4.0,0,0,1,0,1598670000,1,0.79,72.3,0.89,0.0122,75.62,9.2,10.0,0.0,1010.3
35.16562721,-85.22545566,0,660,10.0,2.0,2.0,19.0,0,1,1,4.0,0,0,0,0,1598587200,1,0.95,74.52,0.87,0.009000000000000001,78.72,3.67,10.0,0.0,1015.5
35.16562721,-85.22545566,4,660,10.0,2.0,2.0,19.0,0,1,1,4.0,0,0,0,0,1598601600,1,0.89,73.63,0.91,0.0046,76.45,4.95,10.0,0.0,1014.7
35.16562721,-85.22545566,8,660,10.0,2.0,2.0,19.0,0,1,2,4.0,0,0,0,0,1598616000,1,0.65,74.26,0.97,0.0015,75.09,6.02,9.311,0.0,1014.8
35.16562721,-85.22545566,12,660,10.0,2.0,2.0,19.0,0,1,3,4.0,0,0,0,0,1598630400,1,0.72,78.36,0.94,0.0163,80.29,8.84,10.0,5.0,1014.8
35.16562721,-85.22545566,16,660,10.0,2.0,2.0,19.0,0,1,4,4.0,0,0,1,0,1598644800,1,0.44,78.48,0.85,0.0209,83.61,11.37,10.0,5.0,1011.4
35.16562721,-85.22545566,20,660,10.0,2.0,2.0,19.0,0,1,1,4.0,0,0,0,0,1598659200,1,0.8,75.32,0.86,0.0108,79.87,9.26,10.0,0.0,1010.7
35.16562721,-85.22545566,23,660,10.0,2.0,2.0,19.0,0,1,1,4.0,0,0,1,0,1598670000,1,0.79,72.29,0.89,0.0122,75.66,9.23,10.0,0.0,1010.3
35.16138268,-85.21810391,0,661,9.0,2.0,2.0,19.0,0,1,1,4.0,0,0,0,0,1598587200,1,0.95,74.45,0.87,0.0089,78.7,3.67,10.0,0.0,1015.5
35.16138268,-85.21810391,4,661,9.0,2.0,2.0,19.0,0,1,1,4.0,0,0,0,0,1598601600,1,0.89,73.6,0.91,0.0047,76.47,4.95,10.0,0.0,1014.7
35.16138268,-85.21810391,8,661,9.0,2.0,2.0,19.0,0,1,2,4.0,0,0,0,0,1598616000,1,0.65,74.23,0.97,0.0015,75.13,6.04,9.426,0.0,1014.8
35.16138268,-85.21810391,12,661,9.0,2.0,2.0,19.0,0,1,3,4.0,0,0,0,0,1598630400,1,0.72,78.29,0.93,0.0159,80.38,8.86,10.0,5.0,1014.8
35.16138268,-85.21810391,16,661,9.0,2.0,2.0,19.0,0,1,4,4.0,0,0,1,0,1598644800,1,0.44,78.42,0.84,0.0204,83.71,11.4,10.0,5.0,1011.4
35.16138268,-85.21810391,20,661,9.0,2.0,2.0,19.0,0,1,1,4.0,0,0,0,0,1598659200,1,0.8,75.23,0.86,0.0104,79.86,9.28,10.0,0.0,1010.7
35.16138268,-85.21810391,23,661,9.0,2.0,2.0,19.0,0,1,1,4.0,0,0,1,0,1598670000,1,0.79,72.22,0.89,0.0118,75.67,9.26,10.0,0.0,1010.3
35.16562721,-85.21075217,0,662,37.0,2.0,2.0,19.0,0,1,1,4.0,0,0,0,0,1598587200,1,0.95,74.42,0.87,0.0087,78.71,3.65,10.0,0.0,1015.5
35.16562721,-85.21075217,4,662,37.0,2.0,2.0,19.0,0,1,1,4.0,0,0,0,0,1598601600,1,0.89,73.58,0.91,0.0047,76.48,4.97,10.0,0.0,1014.7
35.16562721,-85.21075217,8,662,37.0,2.0,2.0,19.0,0,1,2,4.0,0,0,0,0,1598616000,1,0.65,74.22,0.97,0.0014,75.15,6.07,9.454,0.0,1014.8
35.16562721,-85.21075217,12,662,37.0,2.0,2.0,19.0,0,1,3,4.0,0,0,0,0,1598630400,1,0.72,78.28,0.93,0.0154,80.43,8.91,10.0,5.0,1014.8
35.16562721,-85.21075217,16,662,37.0,2.0,2.0,19.0,0,1,4,4.0,0,0,1,0,1598644800,1,0.44,78.43,0.84,0.0205,83.74,11.42,10.0,5.0,1011.4
35.16562721,-85.21075217,20,662,37.0,2.0,2.0,19.0,0,1,1,4.0,0,0,0,0,1598659200,1,0.8,75.22,0.86,0.0106,79.87,9.3,10.0,0.0,1010.7
35.16562721,-85.21075217,23,662,37.0,2.0,2.0,19.0,0,1,1,4.0,0,0,1,0,1598670000,1,0.79,72.21,0.89,0.0119,75.69,9.29,10.0,0.0,1010.3
35.16138268,-85.20340042,0,663,11.0,2.0,2.0,19.0,0,1,1,4.0,0,0,0,0,1598587200,1,0.95,74.27,0.87,0.0087,78.56,3.66,10.0,0.0,1015.5
35.16138268,-85.20340042,4,663,11.0,2.0,2.0,19.0,0,1,1,4.0,0,0,0,0,1598601600,1,0.89,73.51,0.91,0.0049,76.42,4.97,10.0,0.0,1014.7
35.16138268,-85.20340042,8,663,11.0,2.0,2.0,19.0,0,1,2,4.0,0,0,0,0,1598616000,1,0.65,74.15,0.97,0.0014,75.12,6.09,9.564,0.0,1014.8
35.16138268,-85.20340042,12,663,11.0,2.0,2.0,19.0,0,1,3,4.0,0,0,0,0,1598630400,1,0.72,78.19,0.93,0.0152,80.43,8.92,10.0,5.0,1014.8
35.16138268,-85.20340042,16,663,11.0,2.0,2.0,19.0,0,1,4,4.0,0,0,1,0,1598644800,1,0.44,78.29,0.84,0.0203,83.71,11.46,10.0,5.0,1011.4
35.16138268,-85.20340042,20,663,11.0,2.0,2.0,19.0,0,1,1,4.0,0,0,0,0,1598659200,1,0.8,75.07,0.86,0.0102,79.72,9.33,10.0,0.0,1010.7
35.16138268,-85.20340042,23,663,11.0,2.0,2.0,19.0,0,1,1,4.0,0,0,1,0,1598670000,1,0.79,72.06,0.89,0.0116,75.58,9.33,10.0,0.0,1010.3
35.16562721,-85.19604868,0,664,11.0,2.0,2.0,19.0,0,1,1,4.0,0,0,0,0,1598587200,1,0.95,74.13,0.87,0.0086,78.38,3.64,10.0,0.0,1015.5
35.16562721,-85.19604868,4,664,11.0,2.0,2.0,19.0,0,1,1,4.0,0,0,0,0,1598601600,1,0.89,73.43,0.91,0.005,76.32,4.99,10.0,0.0,1014.7
35.16562721,-85.19604868,8,664,11.0,2.0,2.0,19.0,0,1,2,4.0,0,0,0,0,1598616000,1,0.65,74.09,0.97,0.0014,75.04,6.11,9.598,0.0,1014.8
35.16562721,-85.19604868,12,664,11.0,2.0,2.0,19.0,0,1,3,4.0,0,0,0,0,1598630400,1,0.72,78.15,0.93,0.0149,80.35,8.97,10.0,5.0,1014.8
35.16562721,-85.19604868,16,664,11.0,2.0,2.0,19.0,0,1,4,4.0,0,0,1,0,1598644800,1,0.44,78.18,0.84,0.0205,83.56,11.47,10.0,5.0,1011.4
35.16562721,-85.19604868,20,664,11.0,2.0,2.0,19.0,0,1,1,4.0,0,0,0,0,1598659200,1,0.8,74.98,0.86,0.0103,79.54,9.34,10.0,0.0,1010.7
35.16562721,-85.19604868,23,664,11.0,2.0,2.0,19.0,0,1,1,4.0,0,0,1,0,1598670000,1,0.79,71.95,0.89,0.0116,75.44,9.35,10.0,0.0,1010.3
35.16138268,-85.18869693,0,665,24.0,2.0,2.0,17.0,0,1,1,4.0,0,0,0,0,1598587200,1,0.95,73.38,0.87,0.0087,77.41,3.64,10.0,0.0,1015.5
35.16138268,-85.18869693,4,665,24.0,2.0,2.0,17.0,0,1,1,4.0,0,0,0,0,1598601600,1,0.89,73.02,0.92,0.0052,75.66,4.99,10.0,0.0,1014.7
35.16138268,-85.18869693,8,665,24.0,2.0,2.0,17.0,0,1,2,4.0,0,0,0,0,1598616000,1,0.65,73.85,0.98,0.0014,74.54,6.13,9.705,0.0,1014.8
35.16138268,-85.18869693,12,665,24.0,2.0,2.0,17.0,0,1,3,4.0,0,0,0,0,1598630400,1,0.72,77.78,0.94,0.0148,79.74,8.99,10.0,5.0,1014.8
35.16138268,-85.18869693,16,665,24.0,2.0,2.0,17.0,0,1,4,4.0,0,0,0,0,1598644800,1,0.44,77.58,0.85,0.0205,82.61,11.51,10.0,5.0,1011.4
35.16138268,-85.18869693,20,665,24.0,2.0,2.0,17.0,0,1,1,4.0,0,0,0,0,1598659200,1,0.8,74.46,0.87,0.0101,78.51,9.37,10.0,0.0,1010.7
35.16138268,-85.18869693,23,665,24.0,2.0,2.0,17.0,0,1,1,4.0,0,0,1,0,1598670000,1,0.79,71.3,0.89,0.0114,74.65,9.39,10.0,0.0,1010.3
35.16562721,-85.18134519,0,666,14.0,2.0,2.0,19.0,0,1,1,4.0,0,0,0,0,1598587200,1,0.95,73.47,0.87,0.0087,77.56,3.63,10.0,0.0,1015.5
35.16562721,-85.18134519,4,666,14.0,2.0,2.0,19.0,0,1,1,4.0,0,0,0,0,1598601600,1,0.9,73.07,0.91,0.0053,75.79,5.01,10.0,0.0,1014.7
35.16562721,-85.18134519,8,666,14.0,2.0,2.0,19.0,0,1,2,4.0,0,0,0,0,1598616000,1,0.64,73.88,0.97,0.0013,74.66,6.15,9.743,0.0,1014.8
35.16562721,-85.18134519,12,666,14.0,2.0,2.0,19.0,0,1,3,4.0,0,0,0,0,1598630400,1,0.72,77.85,0.93,0.0146,79.92,9.03,10.0,5.0,1014.8
35.16562721,-85.18134519,16,666,14.0,2.0,2.0,19.0,0,1,4,4.0,0,0,1,0,1598644800,1,0.44,77.67,0.85,0.0207,82.8,11.52,10.0,5.0,1011.4
35.16562721,-85.18134519,20,666,14.0,2.0,2.0,19.0,0,1,1,4.0,0,0,0,0,1598659200,1,0.8,74.52,0.87,0.0102,78.68,9.38,10.0,0.0,1010.7
35.16562721,-85.18134519,23,666,14.0,2.0,2.0,19.0,0,1,1,4.0,0,0,1,0,1598670000,1,0.79,71.37,0.89,0.0114,74.78,9.41,10.0,0.0,1010.3
35.17411627,-85.28426962,0,667,0.0,2.0,3.0,19.0,0,1,1,4.0,0,0,0,0,1598587200,1,0.95,73.1,0.89,0.0111,76.55,3.71,10.0,0.0,1015.5
35.17411627,-85.28426962,4,667,0.0,2.0,3.0,19.0,0,1,1,4.0,0,0,0,0,1598601600,1,0.87,72.98,0.94,0.0042,74.83,4.92,10.0,0.0,1014.7
35.17411627,-85.28426962,8,667,0.0,2.0,3.0,19.0,0,1,2,4.0,0,0,0,0,1598616000,1,0.65,73.62,1.0,0.0021,73.62,5.95,9.365,0.0,1014.8
35.17411627,-85.28426962,12,667,0.0,2.0,3.0,19.0,0,1,3,4.0,0,0,0,0,1598630400,1,0.74,77.51,0.97,0.0218,78.29,8.79,10.0,5.0,1014.8
35.17411627,-85.28426962,16,667,0.0,2.0,3.0,19.0,0,1,4,4.0,0,0,0,0,1598644800,1,0.45,77.36,0.88,0.0231,81.19,11.19,10.0,5.0,1011.4
35.17411627,-85.28426962,20,667,0.0,2.0,3.0,19.0,0,1,1,4.0,0,0,0,0,1598659200,1,0.81,74.33,0.9,0.0167,77.49,9.14,10.0,0.0,1010.6
35.17411627,-85.28426962,23,667,0.0,2.0,3.0,19.0,0,1,1,4.0,0,0,1,0,1598670000,1,0.79,71.29,0.92,0.0138,73.76,9.07,10.0,0.0,1010.3
35.16987174,-85.26221438,0,669,14.0,2.0,2.0,19.0,0,1,1,4.0,0,0,0,0,1598587200,1,0.94,74.52,0.88,0.0104,78.38,3.69,10.0,0.0,1015.5
35.16987174,-85.26221438,4,669,14.0,2.0,2.0,19.0,0,1,1,4.0,0,0,0,0,1598601600,1,0.88,73.67,0.92,0.0044,76.16,4.92,10.0,0.0,1014.7
35.16987174,-85.26221438,8,669,14.0,2.0,2.0,19.0,0,1,2,4.0,0,0,0,0,1598616000,1,0.65,74.29,0.98,0.0018,74.75,5.95,9.16,0.0,1014.8
35.16987174,-85.26221438,12,669,14.0,2.0,2.0,19.0,0,1,3,4.0,0,0,0,0,1598630400,1,0.73,78.41,0.96,0.0198,79.74,8.76,10.0,5.0,1014.8
35.16987174,-85.26221438,16,669,14.0,2.0,2.0,19.0,0,1,4,4.0,0,0,1,0,1598644800,1,0.45,78.45,0.86,0.0226,83.05,11.24,10.0,5.0,1011.4
35.16987174,-85.26221438,20,669,14.0,2.0,2.0,19.0,0,1,1,4.0,0,0,0,0,1598659200,1,0.81,75.43,0.87,0.0133,79.47,9.17,10.0,0.0,1010.6
35.16987174,-85.26221438,23,669,14.0,2.0,2.0,19.0,0,1,1,4.0,0,0,1,0,1598670000,1,0.79,72.28,0.9,0.0133,75.28,9.1,10.0,0.0,1010.3
35.17411627,-85.25486264,0,670,31.0,2.0,2.0,19.0,0,1,1,4.0,0,0,0,0,1598587200,1,0.94,74.59,0.88,0.0101,78.43,3.68,10.0,0.0,1015.5
35.17411627,-85.25486264,4,670,31.0,2.0,2.0,19.0,0,1,1,4.0,0,0,0,0,1598601600,1,0.88,73.69,0.92,0.0044,76.18,4.94,10.0,0.0,1014.7
35.17411627,-85.25486264,8,670,31.0,2.0,2.0,19.0,0,1,2,4.0,0,0,0,0,1598616000,1,0.65,74.3,0.98,0.0017,74.76,5.96,9.024,0.0,1014.8
35.17411627,-85.25486264,12,670,31.0,2.0,2.0,19.0,0,1,3,4.0,0,0,0,0,1598630400,1,0.73,78.46,0.96,0.019,79.77,8.77,10.0,5.0,1014.8
35.17411627,-85.25486264,16,670,31.0,2.0,2.0,19.0,0,1,4,4.0,0,0,1,0,1598644800,1,0.44,78.5,0.86,0.0228,83.01,11.25,9.931,5.0,1011.4
35.17411627,-85.25486264,20,670,31.0,2.0,2.0,19.0,0,1,1,4.0,0,0,0,0,1598659200,1,0.81,75.47,0.87,0.0126,79.54,9.17,10.0,0.0,1010.6
35.17411627,-85.25486264,23,670,31.0,2.0,2.0,19.0,0,1,1,4.0,0,0,1,0,1598670000,1,0.79,72.33,0.9,0.0133,75.32,9.11,10.0,0.0,1010.3
35.16987174,-85.24751089,0,671,44.0,4.0,2.0,19.0,0,1,1,4.0,0,0,0,0,1598587200,1,0.94,74.34,0.88,0.0098,78.09,3.68,10.0,0.0,1015.5
35.16987174,-85.24751089,4,671,44.0,4.0,2.0,19.0,0,1,1,4.0,0,0,0,0,1598601600,1,0.88,73.57,0.92,0.0045,75.97,4.93,10.0,0.0,1014.7
35.16987174,-85.24751089,8,671,44.0,4.0,2.0,19.0,0,1,2,4.0,0,0,0,0,1598616000,1,0.65,74.23,0.99,0.0016,74.59,5.96,9.046,0.0,1014.8
35.16987174,-85.24751089,12,671,44.0,4.0,2.0,19.0,0,1,3,4.0,0,0,0,0,1598630400,1,0.73,78.31,0.96,0.0183,79.55,8.76,10.0,5.0,1014.8
35.16987174,-85.24751089,16,671,44.0,4.0,2.0,19.0,0,1,4,4.0,0,0,1,0,1598644800,1,0.44,78.3,0.87,0.0223,82.72,11.27,9.98,5.0,1011.4
35.16987174,-85.24751089,20,671,44.0,4.0,2.0,19.0,0,1,1,4.0,0,0,0,0,1598659200,1,0.81,75.3,0.88,0.0116,79.19,9.19,10.0,0.0,1010.7
35.16987174,-85.24751089,23,671,44.0,4.0,2.0,19.0,0,1,1,4.0,0,0,1,0,1598670000,1,0.79,72.1,0.91,0.013,75.03,9.13,10.0,0.0,1010.3
35.17411627,-85.24015915,0,672,1.0,2.0,2.0,19.0,0,1,1,4.0,0,0,0,0,1598587200,1,0.94,74.51,0.88,0.0094,78.41,3.66,10.0,0.0,1015.5
35.17411627,-85.24015915,4,672,1.0,2.0,2.0,19.0,0,1,1,4.0,0,0,0,0,1598601600,1,0.89,73.64,0.92,0.0043,76.19,4.95,10.0,0.0,1014.7
35.17411627,-85.24015915,8,672,1.0,2.0,2.0,19.0,0,1,2,4.0,0,0,0,0,1598616000,1,0.65,74.25,0.98,0.0015,74.8,5.99,9.068,0.0,1014.8
35.17411627,-85.24015915,12,672,1.0,2.0,2.0,19.0,0,1,3,4.0,0,0,0,0,1598630400,1,0.73,78.42,0.95,0.0173,79.85,8.81,10.0,5.0,1014.8
35.17411627,-85.24015915,16,672,1.0,2.0,2.0,19.0,0,0,4,4.0,0,1,1,0,1598644800,1,0.44,78.44,0.86,0.0219,83.06,11.29,9.917,5.0,1011.4
35.17411627,-85.24015915,20,672,1.0,2.0,2.0,19.0,0,1,1,4.0,0,0,0,0,1598659200,1,0.81,75.38,0.87,0.0117,79.53,9.21,10.0,0.0,1010.7
35.17411627,-85.24015915,23,672,1.0,2.0,2.0,19.0,0,1,1,4.0,0,0,1,0,1598670000,1,0.79,72.25,0.9,0.013,75.32,9.16,10.0,0.0,1010.3
35.16987174,-85.2328074,0,673,7.0,2.0,2.0,19.0,0,1,1,4.0,0,0,0,0,1598587200,1,0.95,74.61,0.87,0.0092,78.75,3.66,10.0,0.0,1015.5
35.16987174,-85.2328074,4,673,7.0,2.0,2.0,19.0,0,1,1,4.0,0,0,0,0,1598601600,1,0.89,73.68,0.91,0.0044,76.43,4.95,10.0,0.0,1014.7
35.16987174,-85.2328074,8,673,7.0,2.0,2.0,19.0,0,1,2,4.0,0,0,0,0,1598616000,1,0.65,74.29,0.97,0.0015,75.05,6.0,9.192,0.0,1014.8
35.16987174,-85.2328074,12,673,7.0,2.0,2.0,19.0,0,1,3,4.0,0,0,0,0,1598630400,1,0.72,78.43,0.94,0.0168,80.22,8.82,10.0,5.0,1014.8
35.16987174,-85.2328074,16,673,7.0,2.0,2.0,19.0,0,0,4,4.0,0,1,1,0,1598644800,1,0.44,78.55,0.85,0.0213,83.52,11.33,9.986,5.0,1011.4
35.16987174,-85.2328074,20,673,7.0,2.0,2.0,19.0,0,1,1,4.0,0,0,0,0,1598659200,1,0.8,75.41,0.86,0.0112,79.9,9.24,10.0,0.0,1010.7
35.16987174,-85.2328074,23,673,7.0,2.0,2.0,19.0,0,1,1,4.0,0,0,1,0,1598670000,1,0.79,72.37,0.9,0.0126,75.67,9.19,10.0,0.0,1010.3
35.16987174,-85.21810391,0,674,3.0,2.0,2.0,19.0,0,1,1,4.0,0,0,0,0,1598587200,1,0.95,74.47,0.87,0.0087,78.68,3.65,10.0,0.0,1015.5
35.16987174,-85.21810391,4,674,3.0,2.0,2.0,19.0,0,1,1,4.0,0,0,0,0,1598601600,1,0.89,73.6,0.91,0.0045,76.44,4.97,10.0,0.0,1014.7
35.16987174,-85.21810391,8,674,3.0,2.0,2.0,19.0,0,1,2,4.0,0,0,0,0,1598616000,1,0.65,74.23,0.97,0.0015,75.08,6.05,9.338,0.0,1014.8
35.16987174,-85.21810391,12,674,3.0,2.0,2.0,19.0,0,1,3,4.0,0,0,0,0,1598630400,1,0.72,78.34,0.94,0.0155,80.31,8.89,10.0,5.0,1014.8
35.16987174,-85.21810391,16,674,3.0,2.0,2.0,19.0,0,0,4,4.0,0,1,1,0,1598644800,1,0.44,78.46,0.85,0.0207,83.59,11.39,9.992,5.0,1011.4
35.16987174,-85.21810391,20,674,3.0,2.0,2.0,19.0,0,1,1,4.0,0,0,0,0,1598659200,1,0.8,75.28,0.86,0.0109,79.84,9.28,10.0,0.0,1010.7
35.16987174,-85.21810391,23,674,3.0,2.0,2.0,19.0,0,1,1,4.0,0,0,1,0,1598670000,1,0.79,72.25,0.89,0.0122,75.64,9.25,10.0,0.0,1010.3
35.16987174,-85.20340042,0,675,41.0,2.0,2.0,19.0,0,1,1,4.0,0,0,0,0,1598587200,1,0.95,74.35,0.87,0.0085,78.62,3.64,10.0,0.0,1015.5
35.16987174,-85.20340042,4,675,41.0,2.0,2.0,19.0,0,1,1,4.0,0,0,0,0,1598601600,1,0.89,73.53,0.91,0.0047,76.45,4.98,10.0,0.0,1014.7
35.16987174,-85.20340042,8,675,41.0,2.0,2.0,19.0,0,1,2,4.0,0,0,0,0,1598616000,1,0.65,74.19,0.97,0.0014,75.13,6.09,9.486,0.0,1014.8
35.16987174,-85.20340042,12,675,41.0,2.0,2.0,19.0,0,1,3,4.0,0,0,0,0,1598630400,1,0.72,78.26,0.93,0.0148,80.42,8.95,10.0,5.0,1014.8
35.16987174,-85.20340042,16,675,41.0,2.0,2.0,19.0,0,0,4,4.0,0,1,1,0,1598644800,1,0.44,78.38,0.84,0.0205,83.69,11.44,9.999,5.0,1011.4
35.16987174,-85.20340042,20,675,41.0,2.0,2.0,19.0,0,1,1,4.0,0,0,0,0,1598659200,1,0.8,75.16,0.86,0.0107,79.8,9.32,10.0,0.0,1010.7
35.16987174,-85.20340042,23,675,41.0,2.0,2.0,19.0,0,1,1,4.0,0,0,1,0,1598670000,1,0.79,72.14,0.89,0.0119,75.63,9.31,10.0,0.0,1010.3
35.17411627,-85.19604868,0,676,1.0,2.0,2.0,19.0,0,1,1,4.0,0,0,0,0,1598587200,1,0.95,74.31,0.87,0.0083,78.6,3.62,10.0,0.0,1015.5
35.17411627,-85.19604868,4,676,1.0,2.0,2.0,19.0,0,1,1,4.0,0,0,0,0,1598601600,1,0.9,73.51,0.91,0.0047,76.45,5.0,10.0,0.0,1014.7
35.17411627,-85.19604868,8,676,1.0,2.0,2.0,19.0,0,1,2,4.0,0,0,0,0,1598616000,1,0.65,74.17,0.97,0.0013,75.14,6.1,9.523,0.0,1014.8
35.17411627,-85.19604868,12,676,1.0,2.0,2.0,19.0,0,1,3,4.0,0,0,0,0,1598630400,1,0.72,78.24,0.93,0.0144,80.46,8.99,10.0,5.0,1014.8
35.17411627,-85.19604868,16,676,1.0,2.0,2.0,19.0,0,0,4,4.0,0,1,1,0,1598644800,1,0.44,78.38,0.84,0.0205,83.69,11.46,9.953,5.0,1011.4
35.17411627,-85.19604868,20,676,1.0,2.0,2.0,19.0,0,1,1,4.0,0,0,0,0,1598659200,1,0.8,75.13,0.86,0.0107,79.78,9.34,10.0,0.0,1010.7
35.17411627,-85.19604868,23,676,1.0,2.0,2.0,19.0,0,1,1,4.0,0,0,1,0,1598670000,1,0.79,72.11,0.89,0.0119,75.63,9.33,10.0,0.0,1010.3
35.16987174,-85.18869693,0,677,12.0,2.0,2.0,19.0,0,1,1,4.0,0,0,0,0,1598587200,1,0.95,74.04,0.87,0.0085,78.27,3.62,10.0,0.0,1015.5
35.16987174,-85.18869693,4,677,12.0,2.0,2.0,19.0,0,1,1,4.0,0,0,0,0,1598601600,1,0.9,73.38,0.91,0.005,76.27,5.0,10.0,0.0,1014.7
35.16987174,-85.18869693,8,677,12.0,2.0,2.0,19.0,0,1,2,4.0,0,0,0,0,1598616000,1,0.64,74.05,0.97,0.0013,75.01,6.13,9.635,0.0,1014.8
35.16987174,-85.18869693,12,677,12.0,2.0,2.0,19.0,0,1,3,4.0,0,0,0,0,1598630400,1,0.72,78.12,0.93,0.0146,80.33,9.01,10.0,5.0,1014.8
35.16987174,-85.18869693,16,677,12.0,2.0,2.0,19.0,0,0,4,4.0,0,1,1,0,1598644800,1,0.44,78.12,0.84,0.0207,83.48,11.49,10.0,5.0,1011.4
35.16987174,-85.18869693,20,677,12.0,2.0,2.0,19.0,0,1,1,4.0,0,0,0,0,1598659200,1,0.8,74.91,0.86,0.0105,79.44,9.36,10.0,0.0,1010.7
35.16987174,-85.18869693,23,677,12.0,2.0,2.0,19.0,0,1,1,4.0,0,0,1,0,1598670000,1,0.79,71.87,0.89,0.0116,75.36,9.37,10.0,0.0,1010.3
35.18260534,-85.25486264,0,679,27.0,2.0,2.0,19.0,0,1,1,4.0,0,0,0,0,1598587200,1,0.94,74.77,0.88,0.01,78.71,3.67,10.0,0.0,1015.5
35.18260534,-85.25486264,4,679,27.0,2.0,2.0,19.0,0,1,1,4.0,0,0,0,0,1598601600,1,0.89,73.77,0.92,0.0042,76.34,4.97,10.0,0.0,1014.7
35.18260534,-85.25486264,8,679,27.0,2.0,2.0,19.0,0,1,2,4.0,0,0,0,0,1598616000,1,0.65,74.35,0.98,0.0016,74.89,5.97,8.916,0.0,1014.8
35.18260534,-85.25486264,12,679,27.0,2.0,2.0,19.0,0,1,3,4.0,0,0,0,0,1598630400,1,0.73,78.59,0.96,0.0188,79.95,8.8,10.0,5.0,1014.8
35.18260534,-85.25486264,16,679,27.0,2.0,2.0,19.0,0,0,4,4.0,0,1,1,0,1598644800,1,0.44,78.71,0.86,0.0232,83.17,11.23,9.796,5.0,1011.4
35.18260534,-85.25486264,20,679,27.0,2.0,2.0,19.0,0,1,1,4.0,0,0,0,0,1598659200,1,0.81,75.63,0.87,0.0131,79.82,9.17,10.0,0.0,1010.6
35.18260534,-85.25486264,23,679,27.0,2.0,2.0,19.0,0,1,1,4.0,0,0,1,0,1598670000,1,0.8,72.52,0.9,0.0136,75.57,9.11,10.0,0.0,1010.3
35.17836081,-85.24751089,0,680,176.0,4.0,2.0,14.0,0,1,1,4.0,0,0,0,0,1598587200,1,0.94,74.64,0.88,0.0097,78.51,3.66,10.0,0.0,1015.5
35.17836081,-85.24751089,4,680,176.0,4.0,2.0,14.0,0,1,1,4.0,0,0,0,0,1598601600,1,0.89,73.71,0.92,0.0043,76.22,4.96,10.0,0.0,1014.7
35.17836081,-85.24751089,8,680,176.0,4.0,2.0,14.0,0,1,2,4.0,0,0,0,0,1598616000,1,0.65,74.3,0.98,0.0015,74.8,5.97,8.939,0.0,1014.8
35.17836081,-85.24751089,12,680,176.0,4.0,2.0,14.0,0,1,3,4.0,0,0,0,0,1598630400,1,0.73,78.51,0.96,0.018000000000000002,79.84,8.79,10.0,5.0,1014.8
35.17836081,-85.24751089,16,680,176.0,4.0,2.0,14.0,0,0,4,4.0,0,1,1,0,1598644800,1,0.44,78.56,0.86,0.0226,83.03,11.25,9.842,5.0,1011.4
35.17836081,-85.24751089,20,680,176.0,4.0,2.0,14.0,0,1,1,4.0,0,0,0,0,1598659200,1,0.81,75.51,0.87,0.0121,79.63,9.19,10.0,0.0,1010.6
35.17836081,-85.24751089,23,680,176.0,4.0,2.0,14.0,0,1,1,4.0,0,0,1,0,1598670000,1,0.79,72.37,0.9,0.0134,75.4,9.12,10.0,0.0,1010.3
35.18260534,-85.24015915,0,681,16.0,2.0,2.0,16.0,0,1,1,4.0,0,0,0,0,1598587200,1,0.95,74.69,0.88,0.0089,78.67,3.65,10.0,0.0,1015.5
35.18260534,-85.24015915,4,681,16.0,2.0,2.0,16.0,0,1,1,4.0,0,0,0,0,1598601600,1,0.89,73.71,0.92,0.004,76.34,4.98,10.0,0.0,1014.7
35.18260534,-85.24015915,8,681,16.0,2.0,2.0,16.0,0,1,2,4.0,0,0,0,0,1598616000,1,0.65,74.3,0.98,0.0015,74.92,5.99,8.964,0.0,1014.8
35.18260534,-85.24015915,12,681,16.0,2.0,2.0,16.0,0,1,3,4.0,0,0,0,0,1598630400,1,0.72,78.54,0.95,0.0165,80.02,8.84,10.0,5.0,1014.8
35.18260534,-85.24015915,16,681,16.0,2.0,2.0,16.0,0,0,4,4.0,0,1,1,0,1598644800,1,0.44,78.64,0.86,0.0218,83.21,11.27,9.785,5.0,1011.4
35.18260534,-85.24015915,20,681,16.0,2.0,2.0,16.0,0,1,1,4.0,0,0,0,0,1598659200,1,0.8,75.53,0.87,0.0121,79.81,9.21,10.0,0.0,1010.6
35.18260534,-85.24015915,23,681,16.0,2.0,2.0,16.0,0,1,1,4.0,0,0,1,0,1598670000,1,0.8,72.43,0.9,0.0133,75.56,9.15,10.0,0.0,1010.3
35.17836081,-85.2328074,0,682,17.0,2.0,2.0,19.0,0,1,1,4.0,0,0,0,0,1598587200,1,0.95,74.59,0.87,0.0087,78.62,3.65,10.0,0.0,1015.5
35.17836081,-85.2328074,4,682,17.0,2.0,2.0,19.0,0,1,1,4.0,0,0,0,0,1598601600,1,0.89,73.66,0.91,0.0041,76.33,4.97,10.0,0.0,1014.7
35.17836081,-85.2328074,8,682,17.0,2.0,2.0,19.0,0,1,2,4.0,0,0,0,0,1598616000,1,0.65,74.26,0.98,0.0015,74.94,6.01,9.093,0.0,1014.8
35.17836081,-85.2328074,12,682,17.0,2.0,2.0,19.0,0,1,3,4.0,0,0,0,0,1598630400,1,0.72,78.46,0.95,0.016,80.07,8.85,10.0,5.0,1014.8
35.17836081,-85.2328074,16,682,17.0,2.0,2.0,19.0,0,0,4,4.0,0,1,1,0,1598644800,1,0.44,78.55,0.86,0.0212,83.29,11.31,9.859,5.0,1011.4
35.17836081,-85.2328074,20,682,17.0,2.0,2.0,19.0,0,1,1,4.0,0,0,0,0,1598659200,1,0.8,75.43,0.87,0.0117,79.76,9.23,10.0,0.0,1010.7
35.17836081,-85.2328074,23,682,17.0,2.0,2.0,19.0,0,1,1,4.0,0,0,1,0,1598670000,1,0.79,72.34,0.9,0.0129,75.54,9.18,10.0,0.0,1010.3
35.17836081,-85.20340042,0,683,36.0,2.0,2.0,19.0,0,1,1,4.0,0,0,0,0,1598587200,1,0.95,74.35,0.87,0.0079,78.55,3.62,10.0,0.0,1015.5
35.17836081,-85.20340042,4,683,36.0,2.0,2.0,19.0,0,1,1,4.0,0,0,0,0,1598601600,1,0.9,73.52,0.91,0.0043,76.38,5.0,10.0,0.0,1014.7
35.17836081,-85.20340042,8,683,36.0,2.0,2.0,19.0,0,1,2,4.0,0,0,0,0,1598616000,1,0.65,74.17,0.97,0.0013,75.05,6.08,9.406,0.0,1014.8
35.17836081,-85.20340042,12,683,36.0,2.0,2.0,19.0,0,1,3,4.0,0,0,0,0,1598630400,1,0.72,78.29,0.94,0.0138,80.33,8.98,10.0,5.0,1014.8
35.17836081,-85.20340042,16,683,36.0,2.0,2.0,19.0,0,0,4,4.0,0,1,1,0,1598644800,1,0.44,78.4,0.85,0.0202,83.53,11.42,9.894,5.0,1011.4
35.17836081,-85.20340042,20,683,36.0,2.0,2.0,19.0,0,1,1,4.0,0,0,0,0,1598659200,1,0.8,75.18,0.86,0.0111,79.72,9.32,10.0,0.0,1010.7
35.17836081,-85.20340042,23,683,36.0,2.0,2.0,19.0,0,1,1,4.0,0,0,1,0,1598670000,1,0.79,72.15,0.89,0.0122,75.56,9.3,10.0,0.0,1010.3
35.18684987,-85.24751089,0,684,212.0,4.0,2.0,12.0,0,1,1,4.0,0,0,0,0,1598587200,1,0.94,74.82,0.88,0.0093,78.8,3.65,10.0,0.0,1015.5
35.18684987,-85.24751089,4,684,212.0,4.0,2.0,12.0,0,1,1,4.0,0,0,0,0,1598601600,1,0.89,73.79,0.92,0.004,76.38,4.99,10.0,0.0,1014.7
35.18684987,-85.24751089,8,684,212.0,4.0,2.0,12.0,0,1,2,4.0,0,0,0,0,1598616000,1,0.65,74.37,0.98,0.0014,74.94,5.98,8.83,0.0,1014.8
35.18684987,-85.24751089,12,684,212.0,4.0,2.0,12.0,0,1,3,4.0,0,0,0,0,1598630400,1,0.72,78.63,0.96,0.0174,80.03,8.82,10.0,5.0,1014.8
35.18684987,-85.24751089,16,684,212.0,4.0,2.0,12.0,0,0,4,4.0,0,1,1,0,1598644800,1,0.44,78.78,0.87,0.0228,83.19,11.24,9.705,5.0,1011.4
35.18684987,-85.24751089,20,684,212.0,4.0,2.0,12.0,0,1,1,4.0,0,0,0,0,1598659200,1,0.81,75.67,0.87,0.0125,79.92,9.18,10.0,0.0,1010.6
35.18684987,-85.24751089,23,684,212.0,4.0,2.0,12.0,0,1,1,4.0,0,0,1,0,1598670000,1,0.8,72.56,0.9,0.0137,75.66,9.12,10.0,0.0,1010.3
35.1910944,-85.24015915,0,685,36.0,4.0,2.0,12.0,0,1,1,4.0,0,0,0,0,1598587200,1,0.95,74.79,0.88,0.0082,78.82,3.64,10.0,0.0,1015.5
35.1910944,-85.24015915,4,685,36.0,4.0,2.0,12.0,0,1,1,4.0,0,0,0,0,1598601600,1,0.89,73.76,0.92,0.0035,76.4,5.0,10.0,0.0,1014.7
35.1910944,-85.24015915,8,685,36.0,4.0,2.0,12.0,0,1,2,4.0,0,0,0,0,1598616000,1,0.65,74.36,0.98,0.0014,74.97,6.0,8.859,0.0,1014.8
35.1910944,-85.24015915,12,685,36.0,4.0,2.0,12.0,0,1,3,4.0,0,0,0,0,1598630400,1,0.72,78.62,0.95,0.0153,80.09,8.87,10.0,5.0,1014.8
35.1910944,-85.24015915,16,685,36.0,4.0,2.0,12.0,0,0,4,4.0,0,1,1,0,1598644800,1,0.44,78.8,0.87,0.0214,83.24,11.26,9.652,5.0,1011.4
35.1910944,-85.24015915,20,685,36.0,4.0,2.0,12.0,0,1,1,4.0,0,0,0,0,1598659200,1,0.8,75.65,0.87,0.0125,79.95,9.21,10.0,0.0,1010.6
35.1910944,-85.24015915,23,685,36.0,4.0,2.0,12.0,0,1,1,4.0,0,0,1,0,1598670000,1,0.8,72.54,0.9,0.0136,75.7,9.15,10.0,0.0,1010.2
35.18684987,-85.2328074,0,686,0.0,2.0,2.0,19.0,0,1,1,4.0,0,0,0,0,1598587200,1,0.95,74.42,0.88,0.0078,78.23,3.64,10.0,0.0,1015.5
35.18684987,-85.2328074,4,686,0.0,2.0,2.0,19.0,0,1,1,4.0,0,0,0,0,1598601600,1,0.89,73.58,0.92,0.0036,76.07,5.0,10.0,0.0,1014.7
35.18684987,-85.2328074,8,686,0.0,2.0,2.0,19.0,0,1,2,4.0,0,0,0,0,1598616000,1,0.65,74.22,0.98,0.0014,74.67,6.01,8.994,0.0,1014.8
35.18684987,-85.2328074,12,686,0.0,2.0,2.0,19.0,0,1,3,4.0,0,0,0,0,1598630400,1,0.72,78.42,0.96,0.0144,79.72,8.88,10.0,5.0,1014.8
35.18684987,-85.2328074,16,686,0.0,2.0,2.0,19.0,0,0,4,4.0,0,1,1,0,1598644800,1,0.44,78.42,0.87,0.0205,82.79,11.3,9.732,5.0,1011.4
35.18684987,-85.2328074,20,686,0.0,2.0,2.0,19.0,0,1,1,4.0,0,0,0,0,1598659200,1,0.8,75.37,0.88,0.0121,79.34,9.23,10.0,0.0,1010.6
35.18684987,-85.2328074,23,686,0.0,2.0,2.0,19.0,0,1,1,4.0,0,0,1,0,1598670000,1,0.8,72.18,0.9,0.0132,75.16,9.18,10.0,0.0,1010.3
35.1910944,-85.22545566,0,687,3.0,2.0,2.0,19.0,0,1,1,4.0,0,0,0,0,1598587200,1,0.95,74.22,0.88,0.0063,77.95,3.62,10.0,0.0,1015.5
35.1910944,-85.22545566,4,687,3.0,2.0,2.0,19.0,0,1,1,4.0,0,0,0,0,1598601600,1,0.9,73.47,0.92,0.0029,75.91,5.01,10.0,0.0,1014.7
35.1910944,-85.22545566,8,687,3.0,2.0,2.0,19.0,0,1,2,4.0,0,0,0,0,1598616000,1,0.65,74.16,0.99,0.0013,74.53,6.03,9.028,0.0,1014.8
35.1910944,-85.22545566,12,687,3.0,2.0,2.0,19.0,0,1,3,4.0,0,0,0,0,1598630400,1,0.72,78.32,0.96,0.0115,79.56,8.93,10.0,5.0,1014.8
35.1910944,-85.22545566,16,687,3.0,2.0,2.0,19.0,0,0,4,4.0,0,1,1,0,1598644800,1,0.44,78.3,0.87,0.0184,82.54,11.32,9.686,5.0,1011.4
35.1910944,-85.22545566,20,687,3.0,2.0,2.0,19.0,0,1,1,4.0,0,0,0,0,1598659200,1,0.8,75.24,0.88,0.0122,79.06,9.25,10.0,0.0,1010.6
35.1910944,-85.22545566,23,687,3.0,2.0,2.0,19.0,0,1,1,4.0,0,0,1,0,1598670000,1,0.8,72.02,0.91,0.0131,74.94,9.2,10.0,0.0,1010.2
35.19958346,-85.24015915,0,688,16.0,4.0,2.0,12.0,0,1,1,4.0,0,0,0,0,1598587200,1,0.95,74.73,0.88,0.0073,78.58,3.63,10.0,0.0,1015.5
35.19958346,-85.24015915,4,688,16.0,4.0,2.0,12.0,0,1,1,4.0,0,0,0,0,1598601600,1,0.9,73.73,0.92,0.003,76.24,5.03,10.0,0.0,1014.7
35.19958346,-85.24015915,8,688,16.0,4.0,2.0,12.0,0,1,2,4.0,0,0,0,0,1598616000,1,0.65,74.31,0.98,0.0013,74.79,6.01,8.753,0.0,1014.8
35.19958346,-85.24015915,12,688,16.0,4.0,2.0,12.0,0,1,3,4.0,0,0,0,0,1598630400,1,0.72,78.62,0.96,0.0136,79.86,8.9,10.0,5.0,1014.8
35.19958346,-85.24015915,16,688,16.0,4.0,2.0,12.0,0,0,4,4.0,0,1,1,0,1598644800,1,0.44,78.74,0.87,0.0206,82.91,11.24,9.519,5.0,1011.4
35.19958346,-85.24015915,20,688,16.0,4.0,2.0,12.0,0,1,1,4.0,0,0,0,0,1598659200,1,0.8,75.64,0.87,0.0129,79.7,9.2,10.0,0.0,1010.6
35.19958346,-85.24015915,23,688,16.0,4.0,2.0,12.0,0,1,1,4.0,0,0,1,0,1598670000,1,0.8,72.47,0.9,0.0139,75.46,9.14,10.0,0.0,1010.2
35.19533893,-85.2328074,0,689,4.0,4.0,2.0,12.0,0,1,1,4.0,0,0,0,0,1598587200,1,0.95,74.59,0.88,0.0065,78.45,3.62,10.0,0.0,1015.5
35.19533893,-85.2328074,4,689,4.0,4.0,2.0,12.0,0,1,1,4.0,0,0,0,0,1598601600,1,0.9,73.65,0.92,0.0028,76.19,5.02,10.0,0.0,1014.7
35.19533893,-85.2328074,8,689,4.0,4.0,2.0,12.0,0,1,2,4.0,0,0,0,0,1598616000,1,0.65,74.25,0.98,0.0013,74.77,6.02,8.892999999999997,0.0,1014.8
35.19533893,-85.2328074,12,689,4.0,4.0,2.0,12.0,0,1,3,4.0,0,0,0,0,1598630400,1,0.72,78.53,0.96,0.012,79.85,8.92,10.0,5.0,1014.8
35.19533893,-85.2328074,16,689,4.0,4.0,2.0,12.0,0,0,4,4.0,0,1,1,0,1598644800,1,0.44,78.59,0.87,0.019,82.91,11.28,9.605,5.0,1011.4
35.19533893,-85.2328074,20,689,4.0,4.0,2.0,12.0,0,1,1,4.0,0,0,0,0,1598659200,1,0.8,75.5,0.87,0.0126,79.57,9.23,10.0,0.0,1010.6
35.19533893,-85.2328074,23,689,4.0,4.0,2.0,12.0,0,1,1,4.0,0,0,1,0,1598670000,1,0.8,72.34,0.9,0.0135,75.36,9.17,10.0,0.0,1010.2
35.19958346,-85.22545566,0,690,1.0,2.0,2.0,19.0,0,1,1,4.0,0,0,0,0,1598587200,1,0.95,74.31,0.88,0.0039,78.01,3.6,10.0,0.0,1015.5
35.19958346,-85.22545566,4,690,1.0,2.0,2.0,19.0,0,1,1,4.0,0,0,0,0,1598601600,1,0.9,73.52,0.92,0.0017,75.93,5.03,10.0,0.0,1014.7
35.19958346,-85.22545566,8,690,1.0,2.0,2.0,19.0,0,1,2,4.0,0,0,0,0,1598616000,1,0.65,74.18,0.99,0.0012,74.53,6.04,8.931000000000003,0.0,1014.8
35.19958346,-85.22545566,12,690,1.0,2.0,2.0,19.0,0,1,3,4.0,0,0,0,0,1598630400,1,0.72,78.39,0.96,0.0071,79.56,8.96,10.0,5.0,1014.8
35.19958346,-85.22545566,16,690,1.0,2.0,2.0,19.0,0,0,4,4.0,0,1,1,0,1598644800,1,0.44,78.39,0.87,0.0153,82.51,11.3,9.563,5.0,1011.4
35.19958346,-85.22545566,20,690,1.0,2.0,2.0,19.0,0,1,1,4.0,0,0,0,0,1598659200,1,0.8,75.33,0.88,0.0126,79.13,9.25,10.0,0.0,1010.6
35.19958346,-85.22545566,23,690,1.0,2.0,2.0,19.0,0,1,1,4.0,0,0,1,0,1598670000,1,0.8,72.1,0.91,0.0134,74.98,9.19,10.0,0.0,1010.2
35.203828,-85.2328074,0,691,25.0,4.0,2.0,12.0,0,1,1,4.0,0,0,0,0,1598587200,1,0.95,74.83,0.87,0.0049,78.87,3.61,10.0,0.0,1015.5
35.203828,-85.2328074,4,691,25.0,4.0,2.0,12.0,0,1,1,4.0,0,0,0,0,1598601600,1,0.9,73.76,0.91,0.0019,76.43,5.04,10.0,0.0,1014.7
35.203828,-85.2328074,8,691,25.0,4.0,2.0,12.0,0,1,2,4.0,0,0,0,0,1598616000,1,0.65,74.38,0.98,0.0012,74.99,6.03,8.791,0.0,1014.8
35.203828,-85.2328074,12,691,25.0,4.0,2.0,12.0,0,1,3,4.0,0,0,0,0,1598630400,1,0.72,78.68,0.95,0.0091,80.14,8.95,10.0,5.0,1014.8
35.203828,-85.2328074,16,691,25.0,4.0,2.0,12.0,0,0,4,4.0,0,1,1,0,1598644800,1,0.44,78.91,0.87,0.0171,83.21,11.26,9.478,5.0,1011.4
35.203828,-85.2328074,20,691,25.0,4.0,2.0,12.0,0,1,1,4.0,0,0,0,0,1598659200,1,0.8,75.72,0.87,0.013,80.0,9.23,10.0,0.0,1010.6
35.203828,-85.2328074,23,691,25.0,4.0,2.0,12.0,0,1,1,4.0,0,0,1,0,1598670000,1,0.81,72.59,0.9,0.0138,75.77,9.16,10.0,0.0,1010.2
35.20807253,-85.22545566,0,692,18.0,5.0,2.0,12.0,0,1,1,4.0,0,0,0,0,1598587200,1,0.95,74.81,0.87,0.0017,78.9,3.59,10.0,0.0,1015.5
35.20807253,-85.22545566,4,692,18.0,5.0,2.0,12.0,0,1,1,4.0,0,0,0,0,1598601600,1,0.9,73.74,0.91,0.0005,76.46,5.05,10.0,0.0,1014.7
35.20807253,-85.22545566,8,692,18.0,5.0,2.0,12.0,0,1,2,4.0,0,0,0,0,1598616000,1,0.65,74.38,0.98,0.0011,75.03,6.04,8.833,0.0,1014.8
35.20807253,-85.22545566,12,692,18.0,5.0,2.0,12.0,0,1,3,4.0,0,0,0,0,1598630400,1,0.72,78.67,0.95,0.0031,80.22,8.99,10.0,5.0,1014.8
35.20807253,-85.22545566,16,692,18.0,5.0,2.0,12.0,0,0,4,4.0,0,1,1,0,1598644800,1,0.44,78.93,0.87,0.0124,83.27,11.29,9.441,5.0,1011.4
35.20807253,-85.22545566,20,692,18.0,5.0,2.0,12.0,0,1,1,4.0,0,0,0,0,1598659200,1,0.8,75.71,0.87,0.0129,80.05,9.25,10.0,0.0,1010.6
35.20807253,-85.22545566,23,692,18.0,5.0,2.0,12.0,0,1,1,4.0,0,0,1,0,1598670000,1,0.81,72.58,0.9,0.0137,75.82,9.18,10.0,0.0,1010.2
35.203828,-85.21810391,0,693,1.0,2.0,2.0,19.0,0,1,1,4.0,0,0,0,0,1598587200,1,0.95,74.4,0.88,0.0009,78.21,3.59,10.0,0.0,1015.5
35.203828,-85.21810391,4,693,1.0,2.0,2.0,19.0,0,1,1,4.0,0,0,0,0,1598601600,1,0.9,73.53,0.92,0.0,76.07,5.04,10.0,0.0,1014.7
35.203828,-85.21810391,8,693,1.0,2.0,2.0,19.0,0,1,2,4.0,0,0,0,0,1598616000,1,0.64,74.17,0.98,0.0011,74.68,6.05,8.974,0.0,1014.8
35.203828,-85.21810391,12,693,1.0,2.0,2.0,19.0,0,1,3,4.0,0,0,0,0,1598630400,1,0.72,78.44,0.96,0.0015,79.78,9.0,10.0,5.0,1014.8
35.203828,-85.21810391,16,693,1.0,2.0,2.0,19.0,0,0,4,4.0,0,1,1,0,1598644800,1,0.44,78.46,0.87,0.0109,82.75,11.32,9.527,5.0,1011.4
35.203828,-85.21810391,20,693,1.0,2.0,2.0,19.0,0,1,1,4.0,0,0,0,0,1598659200,1,0.8,75.36,0.88,0.0126,79.35,9.27,10.0,0.0,1010.6
35.203828,-85.21810391,23,693,1.0,2.0,2.0,19.0,0,1,1,4.0,0,0,1,0,1598670000,1,0.81,72.18,0.9,0.0133,75.17,9.21,10.0,0.0,1010.2
35.21231706,-85.21810391,0,694,75.0,2.0,2.0,12.0,0,1,1,4.0,0,0,0,0,1598587200,1,0.95,74.69,0.87,0.0,78.73,3.57,10.0,0.0,1015.5
35.21231706,-85.21810391,4,694,75.0,2.0,2.0,12.0,0,1,1,4.0,0,0,0,0,1598601600,1,0.9,73.66,0.91,0.0,76.37,5.06,10.0,0.0,1014.7
35.21231706,-85.21810391,8,694,75.0,2.0,2.0,12.0,0,1,2,4.0,0,0,0,0,1598616000,1,0.64,74.3,0.98,0.001,74.95,6.06,8.88,0.0,1014.8
35.21231706,-85.21810391,12,694,75.0,2.0,2.0,12.0,0,1,3,4.0,0,0,0,0,1598630400,1,0.72,78.61,0.95,0.0,80.14,9.04,10.0,5.0,1014.8
35.21231706,-85.21810391,16,694,75.0,2.0,2.0,12.0,0,0,4,4.0,0,1,1,0,1598644800,1,0.44,78.81,0.87,0.0102,83.15,11.31,9.41,5.0,1011.3
35.21231706,-85.21810391,20,694,75.0,2.0,2.0,12.0,0,1,1,4.0,0,0,0,0,1598659200,1,0.8,75.6,0.87,0.0129,79.88,9.27,10.0,0.0,1010.6
35.21231706,-85.21810391,23,694,75.0,2.0,2.0,12.0,0,1,1,4.0,0,0,1,0,1598670000,1,0.81,72.46,0.9,0.0136,75.66,9.2,10.0,0.0,1010.2
